keyword,language,topic,topicColor,keywordColor,limitPages,ratioNew
'Peter Mandelson',de,unknown,#111111,#111111,2,0.604955777737
'Venezuelas Übergangspräsidentin',de,unknown,#111111,#111111,2,0.579122923240
'Liveblog USA',de,unknown,#111111,#111111,3,0.569208328155
'Chris Cuomo',de,unknown,#111111,#111111,2,0.506592049878
'Todd Blanche',de,unknown,#111111,#111111,2,0.505985483847
'Peter Attia',de,unknown,#111111,#111111,2,0.502385796142
'Epstein Files',de,unknown,#111111,#111111,3,0.488257368441
'Rob Reiner',de,unknown,#111111,#111111,3,0.487107659525
'Prinz Andrew',de,UK,#e838e8,#e838e8,3,0.486964492334
'Delcy Rodriguez',de,unknown,#111111,#111111,3,0.485951066604
'María Corina Machado',de,unknown,#111111,#111111,2,0.483740406173
'Keir Starmer',de,unknown,#111111,#111111,3,0.483591907421
'Renee Good',de,unknown,#111111,#111111,2,0.482236262671
'Nicolas Maduro',de,unknown,#111111,#111111,3,0.482132718275
'Tom Homan',de,unknown,#111111,#111111,3,0.481994946162
'Michele Reiner',de,unknown,#111111,#111111,2,0.481571690715
'Donald Trump',de,USA,#18e8e8,#18e8e8,3,0.481004111416
'Mark Kelly',de,unknown,#111111,#111111,2,0.480392466476
'Tim Walz',de,unknown,#111111,#111111,2,0.480085295372
'Virginia Giuffre',de,USA,#18e8e8,#18e8e8,3,0.479895714904
'Cilia Flores',de,unknown,#111111,#111111,3,0.479827037894
'Erika Kirk',de,USA,#18e8e8,#18e8e8,2,0.479484622389
'Delcy Rodríguez',de,unknown,#111111,#111111,3,0.479054482854
'Candace Owens',de,unknown,#111111,#111111,2,0.478042173794
'Friedrich Merz',de,Deutschland,#11dd44,#11dd44,3,0.477277649658
'Bruna Ferreira',de,unknown,#111111,#111111,1,0.476603525842
'Larry Summers',de,unknown,#111111,#111111,3,0.476161468327
'Pam Bondi',de,unknown,#111111,#111111,3,0.475994700196
'Papst Leo',de,USA,#18e8e8,#18e8e8,3,0.475790095992
'Renee Nicole Good',de,unknown,#111111,#111111,3,0.475468956376
'Kristi Noem',de,unknown,#111111,#111111,3,0.475093086053
'Alex Pretti',de,unknown,#111111,#111111,3,0.474374443773
'Karoline Leavitt',de,unknown,#111111,#111111,3,0.474332632097
'Andrew Mountbatten-Windsor',de,unknown,#111111,#111111,3,0.473126736761
'Ilhan Omar',de,unknown,#111111,#111111,3,0.472946040973
'Pete Hegseth',de,USA,#18e8e8,#18e8e8,3,0.472256885974
'Nicolás Maduro',de,unknown,#111111,#111111,3,0.471632145027
'Bari Weiss',de,unknown,#111111,#111111,2,0.471586620483
'Leo XIV',de,Vatikan,#58b8e8,#58b8e8,3,0.470862947103
'Jonathan Ross',de,unknown,#111111,#111111,2,0.470195031779
'Steve Witkoff',de,unknown,#111111,#111111,3,0.467457030293
'Islam Makhachev',de,unknown,#111111,#111111,2,0.465641649208
'Lisa Müller',de,unknown,#111111,#111111,2,0.463787775610
'Jacob Frey',de,unknown,#111111,#111111,3,0.462683090255
'Thomas Massie',de,unknown,#111111,#111111,2,0.462295656997
'James Comey',de,USA,#18e8e8,#18e8e8,2,0.461692763200
'Brigitte Bardot',de,unknown,#111111,#111111,3,0.461549675559
'Selenskyj',de,Ukraine,#e818e8,#e818e8,3,0.459677088569
'Tony Dokoupil',de,unknown,#111111,#111111,2,0.458006122800
'Kendrick Lamar',de,USA,#18e8e8,#18e8e8,2,0.456570527818
'Dua Lipa',de,UK,#e838e8,#e838e8,2,0.456234545857
'Omar Yaghi',de,Jordanien,#335588,#335588,2,0.456191925308
'Larry David',de,unknown,#111111,#111111,2,0.455404650685
'Laurent Nuñez',de,Frankreich,#e8e808,#e8e808,2,0.454516464019
'Boualem Sansal',de,Algerien,#22cc99,#22cc99,3,0.454327267701
'Fred Ramsdel',de,USA,#18e8e8,#18e8e8,2,0.453122468809
'Volker Wieland',de,Deutschland,#11dd44,#11dd44,2,0.451977313077
'Woody Allen',de,unknown,#111111,#111111,3,0.451264164883
'Helene Fischer',de,unknown,#111111,#111111,3,0.450818693546
'Richard Robson',de,Australien,#99aa33,#99aa33,2,0.450447782643
'Ghislaine Maxwell',de,unknown,#111111,#111111,3,0.450113086906
'Mario Adorf',de,unknown,#111111,#111111,1,0.449724049006
'Andrew Windsor',de,unknown,#111111,#111111,3,0.447726542366
'Veronika Grimm',de,Deutschland,#11dd44,#11dd44,2,0.447298441490
'Andrew Mountbatten Windsor',de,unknown,#111111,#111111,2,0.447212612942
'Le Pen',de,Frankreich,#e8e808,#e8e808,3,0.447207344655
'Javier Milei',de,Argentinien,#3355bb,#3355bb,3,0.446476369772
'Usha Vance',de,unknown,#111111,#111111,1,0.446052362821
'Mary E. Brunkow',de,USA,#18e8e8,#18e8e8,2,0.444045167886
'Dick Cheney',de,USA,#18e8e8,#18e8e8,2,0.443209739715
'Joel Mokyr',de,USA,#18e8e8,#18e8e8,2,0.441801687368
'Lecornu II',de,Frankreich,#e8e808,#e8e808,2,0.441708343350
'Wladimir Putin',de,Russland,#e81818,#e81818,3,0.440756898811
'Itamar Ben-Gvir',de,Israel,#8822dd,#8822dd,3,0.440183444773
'Nick Reiner',de,unknown,#111111,#111111,2,0.440126116635
'Heidi Klum',de,Deutschland,#11dd44,#11dd44,3,0.439691445831
'Sohn Nick',de,unknown,#111111,#111111,2,0.439513774952
'Susumu Kitagawa',de,Japan,#aa9933,#aa9933,3,0.438786138977
'Thomas Müller',de,unknown,#111111,#111111,3,0.438101848165
'Jeffrey Epstein',de,USA,#18e8e8,#18e8e8,3,0.437786835070
'Maria Corina Machado',de,Venezuela,#aa3399,#aa3399,2,0.437348319507
'RFK Jr',de,USA,#18e8e8,#18e8e8,2,0.437095897533
'Greta Thunberg',de,Schweden,#77dd11,#77dd11,3,0.436807540003
'Hailey Bieber',de,USA,#18e8e8,#18e8e8,2,0.436209530192
'Lionel Messi',de,Argentinien,#3355bb,#3355bb,3,0.435854076009
'Charlie Kirk',de,USA,#18e8e8,#18e8e8,3,0.435767091750
'Katherina Reiche',de,Deutschland,#11dd44,#11dd44,3,0.435218467908
'Mary Brunkow',de,USA,#18e8e8,#18e8e8,2,0.434750780467
'Ro Khanna',de,unknown,#111111,#111111,2,0.434335540475
'Sanae Takaichi',de,Japan,#aa9933,#aa9933,3,0.434219151921
'Jake Reiner',de,unknown,#111111,#111111,2,0.433965609440
'Valentina Shevchenko',de,unknown,#111111,#111111,1,0.433450392674
'Ben Shapiro',de,unknown,#111111,#111111,1,0.433102086861
'Melania Trump',de,USA,#18e8e8,#18e8e8,3,0.432970308328
'Quand Harry',de,unknown,#111111,#111111,1,0.432965963035
'Michele Singer',de,unknown,#111111,#111111,1,0.432898350789
'Shavkat Rakhmonov',de,unknown,#111111,#111111,1,0.432816390381
'Francis Ngannou',de,unknown,#111111,#111111,1,0.432808880955
'Kamel Daoud',de,unknown,#111111,#111111,1,0.432775002336
'Ian Machado Garry',de,unknown,#111111,#111111,1,0.432344346814
'Prinz William',de,UK,#e838e8,#e838e8,3,0.432309059587
'Bruna Caroline Ferreira',de,unknown,#111111,#111111,2,0.432271642205
'Margaret Brennan',de,unknown,#111111,#111111,1,0.432266505047
'Nanon Williams',de,unknown,#111111,#111111,1,0.432214722713
'Kamaru Usman',de,unknown,#111111,#111111,1,0.432133687336
'Jen Psaki',de,unknown,#111111,#111111,1,0.431882144111
'Joe Rogan',de,unknown,#111111,#111111,1,0.431811921347
'James Gunn',de,USA,#18e8e8,#18e8e8,1,0.431803471136
'prince Andrew',de,unknown,#111111,#111111,1,0.431693151211
'Romy Reiner',de,unknown,#111111,#111111,2,0.431403566427
'Dan Hooker',de,unknown,#111111,#111111,1,0.431384882554
'Cruz Beckham',de,Spanien,#1144aa,#1144aa,1,0.431108352295
'Harry Met Sally',de,unknown,#111111,#111111,1,0.431073117451
'Lil Yachty',de,USA,#18e8e8,#18e8e8,1,0.430959376672
'Paddy Pimblett',de,unknown,#111111,#111111,1,0.430733600736
'JULIEN MUGUET',de,Frankreich,#e8e808,#e8e808,1,0.430594199863
'Ilia Topuria',de,unknown,#111111,#111111,1,0.430549846213
'König Charles III',de,UK,#e838e8,#e838e8,3,0.430524399241
'MARGARET BRENNAN',de,unknown,#111111,#111111,1,0.430387282051
'Anant Ambani',de,Indien,#dd3344,#dd3344,1,0.430371334933
'Karol G',de,Kolumbien,#3355dd,#3355dd,1,0.430327011290
'Lecornu II ',de,Frankreich,#e8e808,#e8e808,1,0.429980404145
'Caren Miosga',de,Deutschland,#11dd44,#11dd44,3,0.429715519944
'Scott Jennings',de,unknown,#111111,#111111,1,0.429518432969
'Michele Singer Reiner',de,unknown,#111111,#111111,2,0.429285768117
'reine Mathilde',de,unknown,#111111,#111111,1,0.429258671995
'Joy Reid',de,unknown,#111111,#111111,1,0.429067110203
'Johann Wadephul',de,Deutschland,#11dd44,#11dd44,3,0.428890218339
'Arman Tsarukyan',de,unknown,#111111,#111111,1,0.428776307831
'Lyna Khoudri',de,Algerien,#22cc99,#22cc99,1,0.428765424897
'Andrew Cuomo',de,USA,#18e8e8,#18e8e8,2,0.428656663591
'Lady Gaga',de,USA,#18e8e8,#18e8e8,3,0.428387283607
'Marco Rubio',de,USA,#18e8e8,#18e8e8,3,0.428330776023
'Daniel Cormier',de,unknown,#111111,#111111,1,0.428291590795
'Jon Jones',de,USA,#18e8e8,#18e8e8,1,0.428268717015
'Christophe Gleizes',de,unknown,#111111,#111111,1,0.427801086370
'Michel H. Devoret',de,USA,#18e8e8,#18e8e8,2,0.427700270000
'Jack Della Maddalena',de,unknown,#111111,#111111,2,0.427478252158
'Belal Muhammad',de,unknown,#111111,#111111,1,0.427423756320
'Kaitlan Collins',de,unknown,#111111,#111111,1,0.427388162268
'Boris Vallaud',de,Frankreich,#e8e808,#e8e808,1,0.427061193592
'Michel Barnier',de,Frankreich,#e8e808,#e8e808,2,0.426889133481
'Reem Alabali-Radovan',de,Deutschland,#11dd44,#11dd44,2,0.426765063247
'Alan Jackson',de,unknown,#111111,#111111,1,0.426613481647
'Pierre Farandou',de,Frankreich,#e8e808,#e8e808,1,0.426602909016
'Prince Philip',de,unknown,#111111,#111111,1,0.426250683920
'Abby Phillip',de,unknown,#111111,#111111,1,0.426007899239
'Ciryl Gane',de,unknown,#111111,#111111,1,0.425959758896
'Justin Gaethje',de,unknown,#111111,#111111,1,0.425959272437
'Cheryl Hines',de,USA,#18e8e8,#18e8e8,1,0.425691805007
'Eddie Hearn',de,UK,#e838e8,#e838e8,2,0.425587291339
'Steve Bannon',de,unknown,#111111,#111111,2,0.425359345360
'Philipp Aghion',de,Frankreich,#e8e808,#e8e808,1,0.425000000000
'Khaled al Serr',de,Palestina,#bb6633,#bb6633,1,0.425000000000
'Iyad al-Rantisi',de,Palestina,#bb6633,#bb6633,1,0.425000000000
'Adnan al-Burj',de,Palestina,#bb6633,#bb6633,1,0.425000000000
'Lara Trump',de,USA,#18e8e8,#18e8e8,2,0.424673197005
'Bärbel Bas',de,Deutschland,#11dd44,#11dd44,3,0.424000916448
'Maria Kolesnikowa',de,Belarus,#e81858,#e81858,2,0.423604199604
'Benjamin Netanjahu',de,Israel,#8822dd,#8822dd,3,0.423390850854
'Stephen Colbert',de,USA,#18e8e8,#18e8e8,3,0.421733349931
'Nancy Pelosi',de,unknown,#111111,#111111,1,0.421470555490
'Markus Lanz',de,Deutschland,#11dd44,#11dd44,3,0.421415446424
'Sandy Hook',de,USA,#18e8e8,#18e8e8,1,0.421059979679
'Prinzessin Diana',de,UK,#e838e8,#e838e8,3,0.420642308185
'Zack Snyder',de,USA,#18e8e8,#18e8e8,2,0.420508230232
'Philippe Aghion',de,Frankreich,#e8e808,#e8e808,3,0.420315113952
'Jeanne du Barry',de,Frankreich,#e8e808,#e8e808,2,0.419705540297
'Bad Bunny',de,PuertoRico,#b5412f,#b5412f,2,0.419329117952
'Kevin McCarthy',de,USA,#18e8e8,#18e8e8,2,0.418482790348
'Karin Prien',de,Deutschland,#11dd44,#11dd44,3,0.418364531530
'Henry Samuel',de,USA,#18e8e8,#18e8e8,2,0.418343196774
'Mohammad Mustafa',de,Palestina,#bb6633,#bb6633,1,0.417863413588
'Benny Blanco',de,USA,#18e8e8,#18e8e8,2,0.417700357466
'Ayatollah Khomeini',de,Iran,#11bb99,#11bb99,1,0.416422781093
'Jack Antonoff',de,USA,#18e8e8,#18e8e8,2,0.413828906244
'Victoria Beckham',de,UK,#e838e8,#e838e8,2,0.413425382748
'Wolfram Weimer',de,Deutschland,#11dd44,#11dd44,3,0.412648994865
'Callum Turner',de,UK,#e838e8,#e838e8,2,0.411471887942
'László Krasznahorkai',de,Ungarn,#33aa99,#33aa99,2,0.411320517426
'Bill Maher',de,unknown,#111111,#111111,2,0.411306168503
'Olaf Scholz',de,Deutschland,#11dd44,#11dd44,3,0.410919867639
'JD Vance',de,USA,#18e8e8,#18e8e8,3,0.410623795526
'Olivier Faure',de,Frankreich,#e8e808,#e8e808,3,0.409840249192
'Lauren Boebert',de,USA,#18e8e8,#18e8e8,2,0.408984767319
'Karsten Wildberger',de,Deutschland,#11dd44,#11dd44,3,0.408301256720
'Michel Devoret',de,Frankreich,#e8e808,#e8e808,2,0.405261188409
'Jimmy Kimmel',de,USA,#18e8e8,#18e8e8,3,0.405148093605
'Jake Paul',de,USA,#18e8e8,#18e8e8,1,0.403801314837
'Thorsten Frei',de,Deutschland,#11dd44,#11dd44,3,0.403157311832
'Justus Haucap',de,Deutschland,#11dd44,#11dd44,2,0.403056609179
'Castel Gandolfo',de,Vatikan,#58b8e8,#58b8e8,1,0.402665476128
'Hillary Clinton',de,USA,#18e8e8,#18e8e8,3,0.402307670450
'Theodor Herzl',de,Ungarn,#33aa99,#33aa99,2,0.401834022598
'Sebastien Lecornu',de,Frankreich,#e8e808,#e8e808,2,0.401833591320
'Nina Gummich',de,Deutschland,#11dd44,#11dd44,1,0.401819027542
'Alois Rainer',de,Deutschland,#11dd44,#11dd44,2,0.401320947138
'Kim Kardashian',de,USA,#18e8e8,#18e8e8,3,0.400415903482
'Nicusor Dan',de,Rumänien,#3311aa,#3311aa,1,0.399968889251
'Laura Loomer',de,USA,#18e8e8,#18e8e8,1,0.397908720034
'Stefanie Hubig',de,Deutschland,#11dd44,#11dd44,3,0.397823669003
'Matty Healy',de,UK,#e838e8,#e838e8,2,0.397476084594
'Elon Musk',de,USA,#18e8e8,#18e8e8,3,0.397355029601
'Taylor Swift',de,USA,#18e8e8,#18e8e8,3,0.397183887760
'Hans-Werner Sinn',de,Deutschland,#11dd44,#11dd44,1,0.396541427198
'Carsten Schneider',de,Deutschland,#11dd44,#11dd44,3,0.395812727176
'Mark Carney',de,Kanada,#ffaabb,#ffaabb,2,0.395734048273
'Justin Bieber',de,Kanada,#ffaabb,#ffaabb,1,0.395567482620
'Zohran Mamdani',de,USA,#18e8e8,#18e8e8,1,0.395454920026
'Sébastien Lecornu',de,Frankreich,#e8e808,#e8e808,3,0.394865996975
'Gisele Bündchen',de,Brasilien,#58e838,#58e838,1,0.393627978492
'Recep Tayyip Erdogan',de,Türkei,#4411ee,#4411ee,3,0.392242329549
'Boris Rhein',de,Deutschland,#11dd44,#11dd44,3,0.392241115740
'John M. Martinis',de,USA,#18e8e8,#18e8e8,1,0.391940467051
'Tom Kaulitz',de,Deutschland,#11dd44,#11dd44,2,0.391853637195
'Nina Warken',de,Deutschland,#11dd44,#11dd44,3,0.391129309034
'Jean Castex',de,Frankreich,#e8e808,#e8e808,1,0.390296487248
'David Cameron',de,UK,#e838e8,#e838e8,2,0.390203230420
'Peter Howitt',de,USA,#18e8e8,#18e8e8,1,0.389588364168
'LeBron James',de,USA,#18e8e8,#18e8e8,3,0.389568769276
'John Clarke',de,USA,#18e8e8,#18e8e8,1,0.389401780306
'Bill Clinton',de,USA,#18e8e8,#18e8e8,2,0.389302206011
'John Martinis',de,USA,#18e8e8,#18e8e8,2,0.387703351870
'Robert Prevost',de,Vatikan,#58b8e8,#58b8e8,2,0.387634114114
'Mark Meadows',de,USA,#18e8e8,#18e8e8,2,0.387525659903
'Oleksandr Usyk',de,Ukraine,#e818e8,#e818e8,2,0.386600798283
'Mahmud Abbas',de,Palestina,#bb6633,#bb6633,3,0.385698723028
'Herbert Diess',de,Deutschland,#11dd44,#11dd44,1,0.384440615963
'Maria Sacharowa',de,Russland,#e81818,#e81818,3,0.384375669614
'Olivia Rodrigo',de,USA,#18e8e8,#18e8e8,2,0.383764278711
'Mick Jagger',de,UK,#e838e8,#e838e8,2,0.383689756395
'Dorothee Bär',de,Deutschland,#11dd44,#11dd44,3,0.383514774259
'Lachlan Murdoch',de,UK,#e838e8,#e838e8,2,0.382567375347
'Whoopi Goldberg',de,USA,#18e8e8,#18e8e8,1,0.382386934890
'Shimon Sakaguchi',de,Japan,#aa9933,#aa9933,1,0.382326887908
'Jennifer Garner',de,USA,#18e8e8,#18e8e8,1,0.381767986696
'Lauren Sánchez',de,USA,#18e8e8,#18e8e8,1,0.381463622459
'Novak Djokovic',de,Serbien,#4488cc,#4488cc,3,0.381103800458
'Greta Gerwig',de,USA,#18e8e8,#18e8e8,2,0.380979675716
'Bernie Sanders',de,USA,#18e8e8,#18e8e8,1,0.380639064741
'Karim Benzema',de,Frankreich,#e8e808,#e8e808,3,0.380302120527
'Queen Camilla',de,UK,#e838e8,#e838e8,3,0.380051399167
'Anne Hathaway',de,USA,#18e8e8,#18e8e8,2,0.379479610821
'Queen Elizabeth II',de,UK,#e838e8,#e838e8,3,0.378465434926
'Merrick Garland',de,USA,#18e8e8,#18e8e8,2,0.377857079757
'Prinz Archie',de,UK,#e838e8,#e838e8,2,0.377756994365
'Robert Habeck',de,Deutschland,#11dd44,#11dd44,3,0.377500221528
'Miley Cyrus',de,USA,#18e8e8,#18e8e8,2,0.376929558646
'Hubert Aiwanger',de,Deutschland,#11dd44,#11dd44,3,0.376033132020
'Kylie Kelce',de,unknown,#111111,#111111,2,0.375362486525
'Andrei Sacharow',de,Russland,#e81818,#e81818,1,0.374766265000
'Al Pacino',de,USA,#18e8e8,#18e8e8,2,0.374386218651
'Stefan Aust',de,Deutschland,#11dd44,#11dd44,1,0.374321916751
'Prinz George',de,UK,#e838e8,#e838e8,2,0.372604343425
'Markus Söder',de,Deutschland,#11dd44,#11dd44,3,0.372085100020
'Marine Le Pen',de,Frankreich,#e8e808,#e8e808,2,0.371934021745
'Thierry Breton',de,Frankreich,#e8e808,#e8e808,1,0.371160838309
'Kanye West',de,USA,#18e8e8,#18e8e8,2,0.370819767256
'Jennifer Morgan',de,Deutschland,#11dd44,#11dd44,1,0.370168669350
'Jared Kushner',de,USA,#18e8e8,#18e8e8,1,0.369376545901
'Mo Lewis',de,USA,#18e8e8,#18e8e8,1,0.368604473007
'Melanie Guttmann',de,Deutschland,#11dd44,#11dd44,1,0.368475000000
'Paul Konerko',de,USA,#18e8e8,#18e8e8,1,0.368176078984
'Mark Cuban',de,USA,#18e8e8,#18e8e8,1,0.368032560177
'Matt Gaetz',de,USA,#18e8e8,#18e8e8,1,0.367751180101
'Sam Altman',de,USA,#18e8e8,#18e8e8,3,0.367325317750
'Gigi Hadid',de,USA,#18e8e8,#18e8e8,1,0.366998126098
'Hunter Biden',de,USA,#18e8e8,#18e8e8,2,0.366872657888
'Affaire Epstein',de,unknown,#111111,#111111,1,0.366865940777
'Mukesh Ambani',de,Indien,#dd3344,#dd3344,1,0.366804351496
'Yves Bournazel',de,Frankreich,#e8e808,#e8e808,1,0.366686301568
'Laura Maria Rypa',de,Deutschland,#11dd44,#11dd44,2,0.366464083648
'Olivia Nuzzi',de,USA,#18e8e8,#18e8e8,1,0.366448972126
'Yorgos Lanthimos',de,Griechenland,#448722,#448722,1,0.365898397103
'Gwede Mantashe',de,Südafrika,#1144ee,#1144ee,1,0.365704405000
'Boris Johnson',de,UK,#e838e8,#e838e8,3,0.365625574420
'Duke Henri',de,Luxemburg,#dd3355,#dd3355,1,0.365421542014
'Ayo Edebiri',de,USA,#18e8e8,#18e8e8,1,0.364804884722
'Tig Notaro',de,USA,#18e8e8,#18e8e8,1,0.364395336276
'Léon XIV',de,Vatikan,#58b8e8,#58b8e8,1,0.364348510187
'Tim Malone',de,USA,#18e8e8,#18e8e8,1,0.363700408881
'Dmitri Medwedew',de,Russland,#e81818,#e81818,3,0.362944774228
'Omar M. Yaghi',de,USA,#18e8e8,#18e8e8,1,0.362600249750
'Gervonta Davis',de,USA,#18e8e8,#18e8e8,1,0.362562268201
'Abdelmadjid Tebboune',de,unknown,#111111,#111111,1,0.362495251209
'Brooklyn Beckham',de,UK,#e838e8,#e838e8,1,0.362291560714
'König Felipe VI',de,Spanien,#1144aa,#1144aa,1,0.362154228557
'Verena Hubertz',de,Deutschland,#11dd44,#11dd44,3,0.361715994918
'Ferdinand Dudenhöffer',de,Deutschland,#11dd44,#11dd44,3,0.361712987269
'Lars Klingbeil',de,Deutschland,#11dd44,#11dd44,3,0.361634579761
'Tom Aspinall',de,UK,#e838e8,#e838e8,1,0.361577459386
'Munther Amira',de,Palestina,#bb6633,#bb6633,1,0.361250000000
'Richard David Precht',de,Deutschland,#11dd44,#11dd44,2,0.361055188103
'Sophie Turner',de,UK,#e838e8,#e838e8,1,0.360437274561
'Keith Kellogg',de,USA,#18e8e8,#18e8e8,3,0.360077520603
'Greg Abbott',de,USA,#18e8e8,#18e8e8,2,0.360053603536
'Jens Spahn',de,Deutschland,#11dd44,#11dd44,3,0.359995199009
'Jake Gyllenhaal',de,USA,#18e8e8,#18e8e8,2,0.359994239857
'Charles III',de,UK,#e838e8,#e838e8,3,0.359328181690
'Charlize Theron',de,Südafrika,#1144ee,#1144ee,2,0.359324345117
'Maja Göpel',de,Deutschland,#11dd44,#11dd44,1,0.358644819504
'Robert Kennedy',de,USA,#18e8e8,#18e8e8,3,0.358182989731
'Sam Asghari',de,Iran,#11bb99,#11bb99,1,0.358138251632
'Guy Ritchie',de,UK,#e838e8,#e838e8,1,0.357772922372
'Selena Gomez',de,USA,#18e8e8,#18e8e8,2,0.357434922621
'Christian Lindner',de,Deutschland,#11dd44,#11dd44,2,0.356948116998
'Willy Brandt',de,Deutschland,#11dd44,#11dd44,3,0.356470107316
'Bill Barr',de,USA,#18e8e8,#18e8e8,1,0.355909868943
'Sarah Ferguson',de,UK,#e838e8,#e838e8,1,0.355623447285
'Gorbatschow',de,Russland,#e81818,#e81818,3,0.355464229287
'Marjorie Taylor Greene',de,USA,#18e8e8,#18e8e8,2,0.355325435243
'Emma Stone',de,USA,#18e8e8,#18e8e8,3,0.354806451891
'Kamala Harris',de,USA,#18e8e8,#18e8e8,3,0.354598354446
'Le Pen',de,Frankreich,#e8e808,#e8e808,2,0.354077598795
'Wolodimir Selenski',de,Ukraine,#e818e8,#e818e8,2,0.353974901044
'Ron Johnson',de,USA,#18e8e8,#18e8e8,1,0.353755646644
'Prinz Harry',de,UK,#e838e8,#e838e8,3,0.353618343620
'Nicola Peltz',de,USA,#18e8e8,#18e8e8,1,0.353364530276
'James Cleverly',de,UK,#e838e8,#e838e8,3,0.353336520045
'Papst Franziskus',de,Vatikan,#58b8e8,#58b8e8,3,0.353330422752
'Gavin Newsom',de,USA,#18e8e8,#18e8e8,2,0.352545104630
'Britney Spears',de,USA,#18e8e8,#18e8e8,2,0.352404207175
'George Floyd',de,USA,#18e8e8,#18e8e8,2,0.352170971658
'David Koch',de,USA,#18e8e8,#18e8e8,2,0.351497980293
'Bettina Stark-Watzinger',de,Deutschland,#11dd44,#11dd44,3,0.350958211966
'Martin Luther King',de,USA,#18e8e8,#18e8e8,2,0.350928527139
'Axel Springer',de,Deutschland,#11dd44,#11dd44,3,0.350754260725
'James Comer',de,USA,#18e8e8,#18e8e8,1,0.350148716784
'Lauren Sanchez',de,USA,#18e8e8,#18e8e8,1,0.350123191912
'Roger Federer',de,Schweiz,#88cc44,#88cc44,2,0.349568761947
'Jennifer Lopez',de,USA,#18e8e8,#18e8e8,2,0.349472214163
'Patrick Schnieder',de,Deutschland,#11dd44,#11dd44,3,0.349300914052
'Jane Fonda',de,USA,#18e8e8,#18e8e8,2,0.348890543618
'Michelle Obama',de,USA,#18e8e8,#18e8e8,3,0.348771846917
'Chris Wright',de,USA,#18e8e8,#18e8e8,3,0.348769258732
'Jamie Dimon',de,USA,#18e8e8,#18e8e8,2,0.348506567653
'Jason Kelce',de,USA,#18e8e8,#18e8e8,1,0.348445920974
'Bastian Schweinsteiger',de,Deutschland,#11dd44,#11dd44,2,0.348372654247
'David Beckham',de,UK,#e838e8,#e838e8,2,0.348202496034
'Sergio Mattarella',de,Italien,#7722cc,#7722cc,1,0.348064632851
'Lana Del Rey',de,USA,#18e8e8,#18e8e8,1,0.347385510586
'Emmanuel Macron',de,Frankreich,#e8e808,#e8e808,3,0.347198243577
'Billy Graham',de,USA,#18e8e8,#18e8e8,1,0.347065249546
'Christian Dürr',de,Deutschland,#11dd44,#11dd44,2,0.347034579365
'Hendrik Wüst',de,Deutschland,#11dd44,#11dd44,3,0.346774976595
'Peter Thiel',de,USA,#18e8e8,#18e8e8,2,0.346673972859
'Alexander Dobrindt',de,Deutschland,#11dd44,#11dd44,3,0.346480414006
'Pippa Middleton',de,UK,#e838e8,#e838e8,2,0.346453328909
'Travis Kelce',de,USA,#18e8e8,#18e8e8,2,0.346450903996
'Mohammed Bin Salman',de,SaudiArabien,#2266bb,#2266bb,2,0.346424112751
'Kemal Kılıçdaroğlu',de,Türkei,#4411ee,#4411ee,2,0.346400852550
'Omar Sy',de,Frankreich,#e8e808,#e8e808,1,0.346119661797
'Angelina Jolie',de,USA,#18e8e8,#18e8e8,3,0.345852097145
'Peregrine Pearson',de,UK,#e838e8,#e838e8,2,0.345535958885
'Chuck Schumer',de,USA,#18e8e8,#18e8e8,3,0.345384530915
'Pete Davidson',de,USA,#18e8e8,#18e8e8,1,0.345355873396
'George Bush',de,USA,#18e8e8,#18e8e8,2,0.345030443520
'Chris Luxon',de,Neuseeland,#1818e8,#1818e8,1,0.344952975317
'Reed Richards',de,USA,#18e8e8,#18e8e8,2,0.344612986480
'Ulrich Reitz',de,Deutschland,#11dd44,#11dd44,1,0.344276472631
'Eva Green',de,Frankreich,#e8e808,#e8e808,1,0.344241677240
'Tom Hanks',de,USA,#18e8e8,#18e8e8,3,0.344173681914
'Matteo Salvini',de,Italien,#7722cc,#7722cc,2,0.343957319957
'Helge Schneider',de,Deutschland,#11dd44,#11dd44,1,0.343925949611
'Bill Belichick',de,USA,#18e8e8,#18e8e8,1,0.343048775408
'Juliette Binoche',de,Frankreich,#e8e808,#e8e808,1,0.343019905498
'Meryl Streep',de,USA,#18e8e8,#18e8e8,1,0.342816442944
'Rand Paul',de,USA,#18e8e8,#18e8e8,2,0.342339802847
'Tim Cook',de,USA,#18e8e8,#18e8e8,3,0.342297086745
'David Weiss',de,Schweiz,#88cc44,#88cc44,2,0.342117073411
'Helmut Kohl',de,Deutschland,#11dd44,#11dd44,3,0.341918987154
'Pietro Lombardi',de,Deutschland,#11dd44,#11dd44,2,0.341833027636
'Bezalel Smotrich',de,Israel,#8822dd,#8822dd,1,0.341700962002
'Joachim Gauck',de,Deutschland,#11dd44,#11dd44,1,0.341559116541
'Oliver Blume',de,Deutschland,#11dd44,#11dd44,3,0.341262165785
'nan nan',de,unknown,#dddddd,#dddddd,1,0.341027803203
'Julia Roberts',de,USA,#18e8e8,#18e8e8,2,0.340994510489
'Abraham Lincoln',de,USA,#18e8e8,#18e8e8,2,0.340951595224
'Dana White',de,USA,#18e8e8,#18e8e8,1,0.340566310291
'Steve Jobs',de,USA,#18e8e8,#18e8e8,3,0.340345782115
'Demi Moore',de,USA,#18e8e8,#18e8e8,1,0.340168987843
'Paris Hilton',de,USA,#18e8e8,#18e8e8,2,0.340047785382
'Tucker Carlson',de,USA,#18e8e8,#18e8e8,1,0.339981969671
'Billie Eilish',de,USA,#18e8e8,#18e8e8,2,0.339975267476
'Jessica Biel',de,USA,#18e8e8,#18e8e8,1,0.339871494632
'Bill Gates',de,USA,#18e8e8,#18e8e8,3,0.338945130428
'Patricia Blanco',de,Deutschland,#11dd44,#11dd44,2,0.338900915525
'Prinzessin Kate',de,UK,#e838e8,#e838e8,2,0.338759987734
'Charles Barkley',de,USA,#18e8e8,#18e8e8,1,0.338271583625
'Papst Benedikt XVI',de,Vatikan,#58b8e8,#58b8e8,3,0.338187586876
'Alexander Smirnov',de,Israel,#8822dd,#8822dd,1,0.338133265108
'Ron DeSantis',de,USA,#18e8e8,#18e8e8,3,0.337850116309
'Steven Donziger',de,USA,#18e8e8,#18e8e8,1,0.337768750000
'Minka Indigena',de,unknown,#111111,#111111,1,0.337768750000
'Haitham A-Ghais',de,Kuwait,#3fd97a,#3fd97a,1,0.337768750000
'Claudia Kempfert',de,Deutschland,#11dd44,#11dd44,1,0.337768750000
'Claudia Kemfert',de,Deutschland,#11dd44,#11dd44,1,0.337768750000
'Bruce Springsteen',de,USA,#18e8e8,#18e8e8,2,0.337741768703
'Patrick Mahomes',de,USA,#18e8e8,#18e8e8,2,0.337701651743
'Cara Delevingne',de,UK,#e838e8,#e838e8,1,0.337576117113
'Berkshire Hathaway',de,USA,#18e8e8,#18e8e8,1,0.337548872749
'Rudolf Steiner',de,Österreich,#6622bb,#6622bb,1,0.337337795599
'Kevin Hart',de,USA,#18e8e8,#18e8e8,3,0.337287285817
'Sergej Surowikin',de,Russland,#e81818,#e81818,1,0.337261748741
'Joe Biden',de,USA,#18e8e8,#18e8e8,3,0.337033352281
'Lula da Silva',de,Brasilien,#58e838,#58e848,3,0.336377568567
'Cem Özdemir',de,Deutschland,#11dd44,#11dd44,3,0.336292977809
'Alberto Núñez Feijóo',de,Spanien,#1144aa,#1144aa,2,0.336144572063
'Derek Chauvin',de,USA,#18e8e8,#18e8e8,1,0.336063797151
'Königin Camilla',de,UK,#e838e8,#e838e8,2,0.335849257621
'Stockton Rush',de,USA,#18e8e8,#18e8e8,3,0.335685844193
'Jerry Seinfeld',de,USA,#18e8e8,#18e8e8,1,0.335118759698
'Adolf Hitler',de,Deutschland,#11dd44,#11dd44,3,0.335068911946
'Mira Murati',de,Albanien,#ee742d,#ee742d,1,0.334870621721
'Leonardo DiCaprio',de,USA,#18e8e8,#18e8e8,3,0.334105394247
'Oliver Anthony',de,USA,#18e8e8,#18e8e8,1,0.333988588800
'Rupert Murdoch',de,Australien,#99aa33,#99aa33,1,0.333821629004
'Robert Francis Prevost',de,USA,#18e8e8,#18e8e8,1,0.333712190313
'Jeff Ross',de,USA,#18e8e8,#18e8e8,2,0.333705848340
'Yoon Suk Yeol',de,SüdKorea,#22bb66,#22bb66,2,0.333253232075
'Prince Charles',de,UK,#e838e8,#e838e8,2,0.333174011643
'Lily Gladstone',de,USA,#18e8e8,#18e8e8,1,0.333121756003
'Bridget Moynahan',de,USA,#18e8e8,#18e8e8,1,0.332967033182
'Cristiano Ronaldo',de,Portugal,#66bb22,#66bb22,3,0.332262484128
'Eric Trump',de,USA,#18e8e8,#18e8e8,2,0.332165636979
'Kate Hudson',de,USA,#18e8e8,#18e8e8,1,0.332116349309
'Marie Trintignant',de,Frankreich,#e8e808,#e8e808,1,0.331861922850
'Joe Jonas',de,USA,#18e8e8,#18e8e8,1,0.331805695327
'Chris Hipkins',de,Neuseeland,#1818e8,#1818e8,1,0.331629582494
'Emily Blunt',de,UK,#e838e8,#e838e8,1,0.331553686645
'Pedro Sánchez',de,Spanien,#1144aa,#1144aa,2,0.331528466584
'George Washington',de,USA,#18e8e8,#18e8e8,2,0.331284631744
'Robert Sesselmann',de,Deutschland,#11dd44,#11dd44,1,0.330955228836
'Kai Wegner',de,Deutschland,#11dd44,#11dd44,3,0.330766996117
'Rainer Maria Woelki',de,Deutschland,#11dd44,#11dd44,2,0.330713246305
'Elizabeth Warren',de,USA,#18e8e8,#18e8e8,1,0.330449612945
'Albert Einstein',de,Deutschland,#11dd44,#11dd44,3,0.330391176214
'Anne Will',de,Deutschland,#11dd44,#11dd44,3,0.330123315476
'Aaron Rodgers',de,USA,#18e8e8,#18e8e8,1,0.329932646100
'Ben Affleck',de,USA,#18e8e8,#18e8e8,1,0.329313382900
'Angela Merkel',de,Deutschland,#11dd44,#11dd44,3,0.329302218092
'Christiane Schenderlein',de,Deutschland,#11dd44,#11dd44,2,0.329039506920
'António Guterres',de,Portugal,#66bb22,#66bb22,3,0.328832449824
'Maybrit Illner',de,Deutschland,#11dd44,#11dd44,3,0.328793380836
'Ivanka Trump',de,USA,#18e8e8,#18e8e8,2,0.328727139260
'Roberto Saviano',de,Italien,#7722cc,#7722cc,1,0.328523881987
'Gérard Larcher',de,Frankreich,#e8e808,#e8e808,1,0.328336642503
'America Ferrera',de,USA,#18e8e8,#18e8e8,1,0.328313279082
'Andrew Tate',de,USA,#18e8e8,#18e8e8,1,0.328145935082
'Laura Ingraham',de,USA,#18e8e8,#18e8e8,2,0.328084577896
'Rudy Giuliani',de,USA,#18e8e8,#18e8e8,2,0.327901257941
'Edouard Philippe',de,Frankreich,#e8e808,#e8e808,2,0.327724688502
'Rachida Dati',de,Frankreich,#e8e808,#e8e808,1,0.327665175029
'Irina Scherbakowa',de,Russland,#e81818,#e81818,1,0.327605875664
'Jonathan Roumie',de,USA,#18e8e8,#18e8e8,1,0.327500081275
'Howard Stern',de,USA,#18e8e8,#18e8e8,1,0.327306349165
'Gérald Darmanin',de,Frankreich,#e8e808,#e8e808,1,0.326918290029
'Reinhard Marx',de,Deutschland,#11dd44,#11dd44,1,0.326725380392
'Wolfgang Kubicki',de,Deutschland,#11dd44,#11dd44,2,0.326688352425
'Indiana Jones',de,USA,#18e8e8,#18e8e8,2,0.326472000509
'Tyson Fury',de,UK,#e838e8,#e838e8,1,0.326389926338
'Leni Klum',de,USA,#18e8e8,#18e8e8,1,0.326176688483
'Camille Cottin',de,Frankreich,#e8e808,#e8e808,1,0.326142521580
'Al Nassr',de,unknown,#111111,#111111,2,0.326109950470
'François Bayrou',de,Frankreich,#e8e808,#e8e808,2,0.326105473874
'Jesse Watters',de,USA,#18e8e8,#18e8e8,1,0.326058094678
'Lewis Kaplan',de,USA,#18e8e8,#18e8e8,2,0.325971685129
'Bruno Le Maire',de,Frankreich,#e8e808,#e8e808,2,0.325904709939
'Brad Pitt',de,USA,#18e8e8,#18e8e8,3,0.325889875185
'Alex Jones',de,USA,#18e8e8,#18e8e8,1,0.325229884736
'Rosalynn Carter',de,USA,#18e8e8,#18e8e8,1,0.325155765774
'Nadja Abd el Farrag',de,Deutschland,#11dd44,#11dd44,2,0.325134551821
'Tim Scott',de,USA,#18e8e8,#18e8e8,2,0.325087414098
'Lady Di',de,UK,#e838e8,#e838e8,2,0.324734014132
'Nawaz Sharif',de,Pakistan,#bb3355,#bb3355,1,0.324616478638
'Jan Böhmermann',de,Deutschland,#11dd44,#11dd44,3,0.324578116942
'Ryan Gosling',de,Kanada,#ffaabb,#ffaabb,1,0.324490434527
'Mike Johnson',de,USA,#18e8e8,#18e8e8,2,0.324309562131
'Bettina Jarasch',de,Deutschland,#11dd44,#11dd44,2,0.324138388908
'Dieter Bohlen',de,Deutschland,#11dd44,#11dd44,3,0.323834309870
'Stanislaw Petrow',de,unknown,#111111,#111111,1,0.323553359541
'Barry Keoghan',de,unknown,#111111,#111111,1,0.323420364292
'Adam Driver',de,unknown,#111111,#111111,2,0.323392151393
'Eric Adams',de,USA,#18e8e8,#18e8e8,2,0.323335007843
'Bob Menendez',de,unknown,#111111,#111111,1,0.323059398268
'Steven Spielberg',de,USA,#18e8e8,#18e8e8,3,0.321155089779
'Peter Tschentscher',de,Deutschland,#11dd44,#11dd44,2,0.321059408678
'George Miller',de,unknown,#111111,#111111,1,0.320924279871
'Sabrina Carpenter',de,unknown,#111111,#111111,2,0.320792930256
'Steve Wozniak',de,USA,#18e8e8,#18e8e8,1,0.320653174005
'Margot Robbie',de,unknown,#111111,#111111,2,0.320492706206
'Chez Krömer',de,Deutschland,#11dd44,#11dd44,1,0.319800306197
'Margaret Qualley',de,unknown,#111111,#111111,1,0.319749668263
'Malu Dreyer',de,Deutschland,#11dd44,#11dd44,2,0.319628393216
'Gayle King',de,unknown,#111111,#111111,1,0.319274050661
'Prinz Louis',de,UK,#e838e8,#e838e8,2,0.319018665989
'Radical Optimism',de,unknown,#111111,#111111,1,0.318959620849
'Rosa Parks',de,unknown,#111111,#111111,1,0.318836466135
'Lea Bonasera',de,Deutschland,#11dd44,#11dd44,1,0.318423812500
'Chad Frischmann',de,USA,#18e8e8,#18e8e8,1,0.318423812500
'George Clooney',de,USA,#18e8e8,#18e8e8,2,0.318347476924
'Brittany Mahomes',de,unknown,#111111,#111111,1,0.318209565574
'Michelle O\'Neill',de,Irland,#33bbff,#33bbff,1,0.317954973082
'Gabriel Attal',de,Frankreich,#e8e808,#e8e808,1,0.317881238693
'Laurent Berger',de,Frankreich,#e8e808,#e8e808,1,0.317825978813
'Alyssa Farah Griffin',de,unknown,#111111,#111111,1,0.317709060651
'Justin Timberlake',de,unknown,#111111,#111111,1,0.317706187140
'Carter Reum',de,unknown,#111111,#111111,1,0.317665349784
'George Simion',de,unknown,#111111,#111111,2,0.317313910931
'Alvin Bragg',de,USA,#18e8e8,#18e8e8,1,0.317279410126
'Barack Obama',de,USA,#18e8e8,#18e8e8,3,0.317172477330
'Robin Roberts',de,unknown,#111111,#111111,1,0.317068266930
'Leandro De Niro-Rodriguez',de,unknown,#111111,#111111,1,0.317020448280
'Francesca Albanese',de,Italien,#7722cc,#7722cc,2,0.316965484627
'Bronny James',de,unknown,#111111,#111111,1,0.316940756144
'Katja Krasavice',de,Deutschland,#11dd44,#11dd44,1,0.316837847842
'Jill Biden',de,USA,#18e8e8,#18e8e8,2,0.316781614009
'Ralf Dieter',de,Deutschland,#11dd44,#11dd44,1,0.316459167619
"'Dwayne ""The Rock"" Johnson'",de,unknown,#111111,#111111,2,0.316236652196
'Christian Günther',de,unknown,#111111,#111111,2,0.316119172787
'Benny Safdie',de,unknown,#111111,#111111,2,0.316047256284
'Jake Tapper',de,unknown,#111111,#111111,1,0.315803967854
'Ines de Ramon',de,unknown,#111111,#111111,1,0.315461152501
'Pablo Picasso',de,Spanien,#1144aa,#1144aa,1,0.315119614981
'Tim Müller',de,Deutschland,#11dd44,#11dd44,3,0.315049243587
'Jacinda Ardern',de,Neuseeland,#1818e8,#1818e8,2,0.314754967443
'Ramsan Kadyrow',de,Russland,#e81818,#e81818,2,0.314291324230
'Stefan Kolev',de,Deutschland,#11dd44,#11dd44,1,0.314267330783
'Nancy Mace',de,unknown,#111111,#111111,1,0.314251744840
'Mario Czaja',de,Deutschland,#11dd44,#11dd44,1,0.314138807309
'Missy Elliott',de,unknown,#111111,#111111,2,0.314098767175
'Robert Menendez',de,unknown,#111111,#111111,1,0.313943736399
'Markus Wipperfürth',de,Deutschland,#11dd44,#11dd44,1,0.313704319299
'Maybritt Illner',de,Deutschland,#11dd44,#11dd44,2,0.313541438702
'Vinod Khosla',de,unknown,#111111,#111111,1,0.313353765000
'Mark Kerr',de,unknown,#111111,#111111,1,0.313270469350
'Franca Lehfeldt',de,Deutschland,#11dd44,#11dd44,1,0.313269344654
'Yaël Braun-Pivet',de,unknown,#111111,#111111,1,0.313250862887
'Tulsin Gabbard',de,USA,#18e8e8,#18e8e8,1,0.313203750000
'Merrill McCollum',de,USA,#18e8e8,#18e8e8,1,0.313203750000
'Kara Hurst',de,unknown,#111111,#111111,1,0.313203750000
'Henning Jeschke',de,unknown,#111111,#111111,1,0.313203750000
'Brian Kozlowski',de,USA,#18e8e8,#18e8e8,1,0.313203750000
'Teresa Giudice',de,unknown,#111111,#111111,1,0.313173887001
'Jason Whitlock',de,unknown,#111111,#111111,1,0.313163644099
'Eliot Wolf',de,unknown,#111111,#111111,1,0.313067202760
'Jonathan Turley',de,unknown,#111111,#111111,1,0.312978192770
'Henry Kissinger',de,USA,#18e8e8,#18e8e8,1,0.312876959627
'Leah McSweeney',de,unknown,#111111,#111111,1,0.312875258235
'MacKenzie Scott',de,USA,#18e8e8,#18e8e8,2,0.312717154940
'Cameron Brink',de,unknown,#111111,#111111,1,0.312547227279
'Colin Farrell',de,unknown,#111111,#111111,3,0.312478176675
'Andy Cohen',de,unknown,#111111,#111111,1,0.312450711422
'Valérie Hayer',de,unknown,#111111,#111111,1,0.312368838932
'Ainsley Earhardt',de,unknown,#111111,#111111,1,0.312178294602
'Aubrey Plaza',de,unknown,#111111,#111111,1,0.312123935117
'Peyton Manning',de,unknown,#111111,#111111,1,0.311726979207
'Kristen Wiig',de,unknown,#111111,#111111,1,0.311676237917
'Marguerite Cazeneuve',de,Frankreich,#e8e808,#e8e808,1,0.311498535251
'Olivier Marleix',de,Frankreich,#e8e808,#e8e808,2,0.311384365994
'Ana Navarro',de,unknown,#111111,#111111,1,0.311314593005
'Georg Gänswein',de,Deutschland,#11dd44,#11dd44,1,0.311276120085
'Mathias Döpfner',de,Deutschland,#11dd44,#11dd44,1,0.311181455532
'Sarah Stier',de,unknown,#111111,#111111,1,0.310866891675
'Robert Downey Jr',de,unknown,#111111,#111111,2,0.310696285144
'Steffen Kotre',de,unknown,#111111,#111111,1,0.310593718750
'Andrew Schulz',de,unknown,#111111,#111111,1,0.310518741270
'Robert Badinter',de,unknown,#111111,#111111,1,0.310318554364
'Linda Yaccarino',de,USA,#18e8e8,#18e8e8,2,0.310126589671
'Konrad Adenauer',de,Deutschland,#11dd44,#11dd44,3,0.310121742503
'Jamie Spears',de,unknown,#111111,#111111,1,0.310097464071
'Chelsea Handler',de,USA,#18e8e8,#18e8e8,1,0.310094127837
'Devon Archer',de,unknown,#111111,#111111,1,0.310041952249
'Katy Perry',de,USA,#18e8e8,#18e8e8,1,0.310010072034
'Mindy Kaling',de,unknown,#111111,#111111,1,0.309883617097
'Buzz Aldrin',de,USA,#18e8e8,#18e8e8,1,0.309879240715
'Ron Howard',de,unknown,#111111,#111111,2,0.309724600684
'Sunny Hostin',de,unknown,#111111,#111111,1,0.309200073287
'François Braun',de,unknown,#111111,#111111,1,0.309100527042
'Chris Kirkpatrick',de,unknown,#111111,#111111,1,0.309065915138
'Roman Pacino',de,unknown,#111111,#111111,1,0.308644020139
'Jerod Mayo',de,unknown,#111111,#111111,1,0.308626106277
'Premier ministre',de,unknown,#111111,#111111,1,0.308546290121
'Greg Brockman',de,unknown,#111111,#111111,1,0.308518972218
'Matt Damon',de,USA,#18e8e8,#18e8e8,1,0.308394569701
'Kim Mulkey',de,unknown,#111111,#111111,1,0.308370055776
'Viktor Shokin',de,unknown,#111111,#111111,1,0.308245902726
'Ronna McDaniel',de,unknown,#111111,#111111,1,0.308092498551
'Benjamin Hasselhorn',de,unknown,#111111,#111111,1,0.308087707205
'Sergio Massa',de,unknown,#111111,#111111,1,0.308056569607
'Sean Hannity',de,unknown,#111111,#111111,1,0.308027555114
'Petro Poroshenko',de,unknown,#111111,#111111,1,0.307932659194
'Drake Maye',de,unknown,#111111,#111111,1,0.307899273929
'Ayatollah Chamenei',de,Iran,#11bb99,#11bb99,1,0.307770240762
'Leonardo da Vinci',de,Italien,#7722cc,#7722cc,2,0.307523361241
'Salvador Dali',de,Spanien,#1144aa,#1144aa,1,0.307512545000
'Jacques Doriot',de,unknown,#111111,#111111,1,0.307477450123
'Anya Taylor-Joy',de,unknown,#111111,#111111,1,0.307442722907
'Hailey Van Lith',de,unknown,#111111,#111111,1,0.307342816440
'Tina Turner',de,USA,#18e8e8,#18e8e8,2,0.307131327466
'Uwe Neumärker',de,Deutschland,#11dd44,#11dd44,1,0.307062500000
'Pedro Sánchez Pérez-Castejón',de,Spanien,#1144aa,#1144aa,1,0.307062500000
'Patti LaBelle',de,USA,#18e8e8,#18e8e8,1,0.307062500000
'Moon Hyung-jin',de,USA,#18e8e8,#18e8e8,1,0.307062500000
'Kemal Kiliçdaroglu',de,Türkei,#4411ee,#4411ee,1,0.307062500000
'Gilbert Plass',de,Kanada,#ffaabb,#ffaabb,1,0.307062500000
'Evgueni Prigojine',de,Russland,#e81818,#e81818,1,0.307062500000
'Dorothée Pacaud',de,Frankreich,#e8e808,#e8e808,1,0.307062500000
'James Biden',de,unknown,#111111,#111111,1,0.306666048656
'Hugh Grant',de,unknown,#111111,#111111,1,0.306582026544
'Kevin Kühnert',de,Deutschland,#11dd44,#11dd44,3,0.306267580113
'Phoebe Bridgers',de,unknown,#111111,#111111,1,0.306158235968
'Fani Willis',de,unknown,#111111,#111111,1,0.305755674110
'Ottmar Edenhofer',de,Deutschland,#11dd44,#11dd44,1,0.305593889903
'Chris Christie',de,USA,#18e8e8,#18e8e8,1,0.305456307916
'Vivek Ramaswamy',de,USA,#18e8e8,#18e8e8,1,0.305155633285
'Steve Scalise',de,unknown,#111111,#111111,1,0.305136974894
'Roger Corman',de,unknown,#111111,#111111,1,0.304414701172
'Joey Fatone',de,unknown,#111111,#111111,1,0.304274074594
'Chris Stapleton',de,unknown,#111111,#111111,1,0.304191702978
'Barbara Schöneberger',de,Deutschland,#11dd44,#11dd44,3,0.303944928379
'Barbara Sturm',de,Deutschland,#11dd44,#11dd44,1,0.303767129274
'Mary Robinson',de,unknown,#111111,#111111,1,0.303268547741
'Penny Mordaunt',de,UK,#e838e8,#e838e8,1,0.302883779743
'Kim Yo Jong',de,NordKorea,#4811f1,#4811f1,1,0.302602775640
'Ahmed Al Jaber',de,unknown,#111111,#111111,1,0.302587902721
'Matthias Müller',de,Deutschland,#11dd44,#11dd44,2,0.302546665864
'Gerald Darmanin',de,unknown,#111111,#111111,1,0.302155950776
'Bradley Cooper',de,unknown,#111111,#111111,2,0.302005212910
'Robert De Niro',de,USA,#18e8e8,#18e8e8,2,0.301928181359
'Lionel Richie',de,USA,#18e8e8,#18e8e8,1,0.301881526665
'Jordan Neely',de,USA,#18e8e8,#18e8e8,1,0.301772532477
'Stormy Daniels',de,USA,#18e8e8,#18e8e8,1,0.301436554751
'Jack Smith',de,USA,#18e8e8,#18e8e8,3,0.301069616808
'Nikki Haley',de,USA,#18e8e8,#18e8e8,2,0.300820494039
'Christine Lambrecht',de,Deutschland,#11dd44,#11dd44,1,0.300702679890
'Wagner-Chef Prigoschin',de,unknown,#111111,#111111,1,0.300582690342
'Billionaire Bunker',de,unknown,#111111,#111111,1,0.300411010055
'Henry Ford',de,USA,#18e8e8,#18e8e8,1,0.300264927831
'Jimmy Carter',de,USA,#18e8e8,#18e8e8,1,0.300248431990
'Amber Heard',de,USA,#18e8e8,#18e8e8,1,0.300096268300
'Marine Le Pen',de,Frankreich,#e8e808,#e8e808,2,0.299801128495
'Lindsey Graham',de,USA,#18e8e8,#18e8e8,2,0.299653784785
'Andrea Arnold',de,unknown,#111111,#111111,1,0.299422015919
'Patrick Graichen',de,Deutschland,#11dd44,#11dd44,3,0.299151866067
'Mareike Fallwickl',de,Österreich,#6622bb,#6622bb,1,0.299068907077
'Pedro Pascal',de,unknown,#111111,#111111,2,0.298888356829
'Joseph Ratzinger',de,Vatikan,#58b8e8,#58b8e8,1,0.298866396965
'Christopher Nolan',de,USA,#18e8e8,#18e8e8,2,0.298551997003
'Jon Hamm',de,USA,#18e8e8,#18e8e8,2,0.298409204029
'Gerhard Schröder',de,Deutschland,#11dd44,#11dd44,3,0.298057112754
'Isaac Newton',de,UK,#e838e8,#e838e8,1,0.297963499739
'John Fetterman',de,unknown,#111111,#111111,1,0.297952910210
'Andreas Ellermann',de,Deutschland,#11dd44,#11dd44,1,0.297797174829
'Alexander De Croo',de,Belgien,#bb33ff,#bb33ff,1,0.297716995994
'Jon Batiste',de,unknown,#111111,#111111,1,0.297600966200
'Johnny Depp',de,USA,#18e8e8,#18e8e8,1,0.297361387126
'Paul-Henry Nargeolet',de,Frankreich,#e8e808,#e8e808,1,0.297186599281
'Sam H',de,unknown,#111111,#111111,1,0.296477821593
'Jessy Wellmer',de,unknown,#111111,#111111,1,0.296302020821
'King Charles',de,UK,#e838e8,#e838e8,3,0.295966202416
'Matt Winkelmeyer',de,unknown,#111111,#111111,1,0.295580984723
'Finnegan Biden',de,USA,#18e8e8,#18e8e8,1,0.295276485558
'Willem Dafoe',de,USA,#18e8e8,#18e8e8,1,0.295276122654
'Kim Reynolds',de,unknown,#111111,#111111,1,0.295098519440
'Holger Friedrich',de,Deutschland,#11dd44,#11dd44,2,0.294764753538
'George Santos',de,USA,#18e8e8,#18e8e8,1,0.294688031739
'Curtis Yarvin',de,USA,#111111,#111111,1,0.294551701426
'Noam Chomsky',de,USA,#18e8e8,#18e8e8,1,0.294326672706
'Winston Churchill',de,UK,#e838e8,#e838e8,2,0.294214558840
'Prinz Heinrich XIII',de,Deutschland,#11dd44,#11dd44,1,0.293638161736
'Jim Jordan',de,unknown,#111111,#111111,1,0.293333939277
'Joaquim Valente',de,unknown,#111111,#111111,1,0.293285297355
'Lawrence Jones',de,unknown,#111111,#111111,1,0.292846050533
'Jacoby Brissett',de,unknown,#111111,#111111,1,0.292819529599
'Melinda Gates',de,USA,#18e8e8,#18e8e8,2,0.292520929862
'Kim Jong Un',de,NordKorea,#4811f1,#4811f1,3,0.292348094364
'Geert Wilders',de,Niederlande,#33ffbb,#33ffbb,2,0.292104477972
'Norbert Röttgen',de,Deutschland,#11dd44,#11dd44,2,0.292075331741
'Vo Van Thuong',de,unknown,#111111,#111111,1,0.292059843556
'Alexander von Humboldt',de,Deutschland,#11dd44,#11dd44,1,0.291175625017
'Tom Brady',de,unknown,#111111,#111111,1,0.290478830333
'Peter Breuer',de,unknown,#111111,#111111,1,0.289662084203
'Hamish Harding',de,UK,#e838e8,#e838e8,1,0.289627929963
'Nikki Glaser',de,USA,#18e8e8,#18e8e8,1,0.289368781346
'Ehud Olmert',de,Israel,#8822dd,#8822dd,1,0.289265527954
'Wolfgang Benz',de,Deutschland,#11dd44,#11dd44,2,0.288697139092
'Kate Capshaw',de,unknown,#111111,#111111,1,0.288158777136
'Daniel Penny',de,USA,#18e8e8,#18e8e8,1,0.287576688510
'Jean Carroll',de,USA,#18e8e8,#18e8e8,1,0.287551078519
'Kyle Pope',de,unknown,#111111,#111111,1,0.287380965250
'Chris Hemsworth',de,unknown,#111111,#111111,1,0.287124473049
'Marjan Minnesma',de,unknown,#111111,#111111,1,0.287103437500
'Martin Scorsese',de,USA,#18e8e8,#18e8e8,2,0.286389967249
'Kemal Klçdarolu',de,Türkei,#4411ee,#4411ee,3,0.286278690666
'Irina Shayk',de,unknown,#111111,#111111,1,0.286204198439
'Jean-Luc Mélenchon',de,unknown,#111111,#111111,1,0.285550853097
'Julia Louis-Dreyfus',de,unknown,#111111,#111111,1,0.285241155776
'Ursula von der Leyen',de,EU,#bbff33,#bbff33,3,0.285233512843
'William Shakespeare',de,UK,#e838e8,#e838e8,1,0.283965114119
'Gabor Steingart',de,Deutschland,#11dd44,#11dd44,2,0.283584024228
'Victoria Monét',de,unknown,#111111,#111111,1,0.283494997568
'Sandra Maischberger',de,Deutschland,#11dd44,#11dd44,3,0.283435151358
'Maria Bartiromo',de,unknown,#111111,#111111,1,0.283055669839
'Michelle Williams',de,unknown,#111111,#111111,1,0.282733422476
'président de la République',de,Frankreich,#e8e808,#e8e808,1,0.282613504978
'Nicolas Sarkozy',de,unknown,#111111,#111111,2,0.282029362185
'Robert Oppenheimer',de,USA,#18e8e8,#18e8e8,1,0.281926723588
'Bodo Ramelow',de,Deutschland,#11dd44,#11dd44,3,0.281667364363
'Gisele Bundchen',de,unknown,#111111,#111111,1,0.281385182451
'Tony Bennett',de,USA,#18e8e8,#18e8e8,1,0.280677826293
'Katarina Barley',de,EU,#bbff33,#bbff33,2,0.279368283180
'Hun Sen',de,Kambodscha,#ff33bb,#ff33bb,2,0.279292806147
'Marlène Schiappa',de,unknown,#111111,#111111,1,0.279097874741
'Francis Ford Coppola',de,unknown,#111111,#111111,1,0.279060463985
'Robert Kraft',de,unknown,#111111,#111111,2,0.278029904614
'Larry Ellison',de,USA,#18e8e8,#18e8e8,2,0.277827658288
'Putin',de,Russland,#e81818,#e81818,3,0.277306448780
'Mark Rutte',de,Niederlande,#33ffbb,#33ffbb,3,0.276964709717
'Königsgemahlin Camilla',de,UK,#e838e8,#e838e8,1,0.276595110921
'James Cameron',de,USA,#18e8e8,#18e8e8,1,0.276122176969
'Antonio Brown',de,unknown,#111111,#111111,1,0.275540309588
'Erich Honecker',de,Deutschland,#11dd44,#11dd44,1,0.275128434182
'Markus Krebber',de,Deutschland,#11dd44,#11dd44,2,0.273364356198
'Dwayne Johnson',de,unknown,#111111,#111111,1,0.273153265572
'Wolfgang Grupp',de,unknown,#111111,#111111,1,0.272989047683
'Geoffrey Hinton',de,UK,#e838e8,#e838e8,1,0.272755906180
'Friederike Otto',de,Deutschland,#11dd44,#11dd44,1,0.272631911210
'Sam Bankman-Fried',de,unknown,#111111,#111111,1,0.272628103726
'Recep Tayyip Erdoan',de,Türkei,#4411ee,#4411ee,2,0.272517605680
'Andreas Jung',de,Deutschland,#11dd44,#11dd44,3,0.272394635672
'Narendra Modi',de,Indien,#dd3344,#dd3344,3,0.271821542400
'Johan Rockström',de,unknown,#111111,#111111,1,0.271395259460
'Frank Plasberg',de,Deutschland,#11dd44,#11dd44,2,0.271311355898
'Silvio Berlusconi',de,Italien,#7722cc,#7722cc,2,0.270648602368
'Maya Rudolph',de,unknown,#111111,#111111,1,0.270468949533
'Élisabeth Borne',de,Frankreich,#e8e808,#e8e808,1,0.269594136597
'Arno Antlitz',de,Deutschland,#11dd44,#11dd44,1,0.269381724922
'John Rawls',de,USA,#18e8e8,#18e8e8,1,0.267062405785
'Ulrike Hermann',de,unknown,#111111,#111111,1,0.266857846585
'Missy Motown',de,Deutschland,#11dd44,#11dd44,1,0.266521147817
'Sultan al-Jaber',de,VAE,#ffbb33,#ffbb33,1,0.266507939508
'Nathalie Emmanuel',de,unknown,#111111,#111111,1,0.266066832915
'Bret Baier',de,unknown,#111111,#111111,1,0.265856572148
'Sophia Chikirou',de,unknown,#111111,#111111,1,0.265752943147
'Brian Kilmeade',de,unknown,#111111,#111111,1,0.265698120148
'Aurélien Rousseau',de,unknown,#111111,#111111,1,0.265600826975
'Drew Bledsoe',de,unknown,#111111,#111111,1,0.265482272619
'Sara Haines',de,unknown,#111111,#111111,1,0.265434004987
'Tony Bobulinski',de,unknown,#111111,#111111,1,0.265259610270
'Harry Belafonte',de,USA,#18e8e8,#18e8e8,1,0.265230324335
'Jean Jouzel',de,unknown,#111111,#111111,1,0.265152677633
'Ricarda Lang',de,Deutschland,#11dd44,#11dd44,3,0.264920546298
'Martha MacCallum',de,unknown,#111111,#111111,1,0.264803014688
'Carey Mulligan',de,unknown,#111111,#111111,1,0.264741633283
'Joe Alwyn',de,unknown,#111111,#111111,1,0.264591171558
'Julian Edelman',de,unknown,#111111,#111111,1,0.264504714131
'Ulf Poschardt',de,Deutschland,#11dd44,#11dd44,1,0.264452346876
'Steve Doocy',de,unknown,#111111,#111111,1,0.264445890843
'Matt Lauer',de,unknown,#111111,#111111,1,0.264323486282
'Robert de Niro',de,USA,#18e8e8,#18e8e8,2,0.264175381582
'Leonard Bernstein',de,unknown,#111111,#111111,1,0.264116365396
'Bill Geddie',de,unknown,#111111,#111111,1,0.263772524303
'Oisin Fanning',de,Irland,#33bbff,#33bbff,1,0.263590790846
'nan Si',de,unknown,#111111,#111111,1,0.263529894355
'Luc Terlinden',de,unknown,#111111,#111111,1,0.263398422573
'Sherri Shepherd',de,unknown,#111111,#111111,1,0.263383745961
'Sergei Shoigu',de,unknown,#111111,#111111,1,0.263376069387
'Tino Chrupalla',de,Deutschland,#11dd44,#11dd44,3,0.263331685469
'Stephen Hawking',de,UK,#e838e8,#e838e8,1,0.263312458855
'Elisabeth Borne',de,Frankreich,#e8e808,#e8e808,2,0.262709250824
'Dawn Staley',de,unknown,#111111,#111111,1,0.262641675079
'Yannick Morez',de,Frankreich,#e8e808,#e8e808,1,0.261372791549
'Christian Kroll',de,Deutschland,#11dd44,#11dd44,1,0.261284177301
'Margaret Thatcher',de,UK,#e838e8,#e838e8,1,0.261165356406
'Paul Ronzheimer',de,Deutschland,#11dd44,#11dd44,2,0.261155874417
'Thomas Bayes',de,UK,#e838e8,#e838e8,1,0.261003125000
'Sergei Surovikin',de,Russland,#e81818,#e81818,1,0.261003125000
'Camille Etienne',de,Frankreich,#e8e808,#e8e808,1,0.261003125000
'Aurélien Pradié',de,Frankreich,#e8e808,#e8e808,1,0.261003125000
'Andrei Nikolajewitsch Kolmogorow',de,Russland,#e81818,#e81818,1,0.261003125000
'Pat McAfee',de,USA,#18e8e8,#18e8e8,1,0.259066143707
'Georg Bätzing',de,Deutschland,#11dd44,#11dd44,2,0.258823823119
'King Charles III',de,UK,#e838e8,#e838e8,1,0.258723153734
'Olli Schulz',de,Deutschland,#11dd44,#11dd44,1,0.258162065918
'Ted Cruz',de,USA,#18e8e8,#18e8e8,1,0.258076975746
'Kemal Kilicdaroglu',de,Türkei,#4411ee,#4411ee,1,0.257438385831
'Wolodymyr Selenskyj',de,Ukraine,#e818e8,#e818e8,3,0.256842285165
'Michael Kahle',de,Deutschland,#11dd44,#11dd44,1,0.256585755261
'Charlie Munger',de,unknown,#111111,#111111,1,0.255006696635
'Noor Alfallah',de,USA,#18e8e8,#18e8e8,1,0.254589514446
'Jack Teixeira',de,USA,#18e8e8,#18e8e8,1,0.252222829181
'Eric Ciotti',de,Frankreich,#e8e808,#e8e808,1,0.249471227397
'Selenski',de,Ukraine,#e818e8,#e818e8,1,0.248822842717
'Harrison Ford',de,unknown,#111111,#111111,1,0.248675424859
'Jordan Bardella',de,Frankreich,#e8e808,#e8e808,2,0.248610381673
'Kurt Krömer',de,Deutschland,#11dd44,#11dd44,2,0.248464234503
'Aleksandar Vučić',de,Serbien,#4488cc,#4488cc,1,0.247564191884
'Péter Szijjártó',de,Ungarn,#33aa99,#33aa99,2,0.247233629196
'Vanessa Nakate',de,unknown,#111111,#111111,1,0.246829436568
'Jair Bolsonaro',de,Brasilien,#58e838,#58e848,3,0.246394292317
'Warren Buffett',de,USA,#18e8e8,#18e8e8,3,0.245234949130
'Mohammed bin Salman',de,SaudiArabien,#2266bb,#2266bb,3,0.244594255322
'Tasneem Essop',de,unknown,#111111,#111111,1,0.244037921875
'Sophia Kianni',de,unknown,#111111,#111111,1,0.244037921875
'Mark Hertsgaard',de,unknown,#111111,#111111,1,0.244037921875
'Helena Gualinga',de,unknown,#111111,#111111,1,0.244037921875
'Eriberto Gualinga',de,unknown,#111111,#111111,1,0.244037921875
'Elizabeth Mpofu',de,unknown,#111111,#111111,1,0.244037921875
'Autumn Peltier',de,unknown,#111111,#111111,1,0.244037921875
'Michael Ballweg',de,Deutschland,#11dd44,#11dd44,2,0.243835655473
'Antony Blinken',de,USA,#18e8e8,#18e8e8,3,0.242998422635
'Lance Bass',de,unknown,#111111,#111111,1,0.242573035360
'Marco Buschmann',de,Deutschland,#11dd44,#11dd44,3,0.242330180960
'Mateusz Morawiecki',de,Polen,#8844cc,#8844cc,2,0.241238631256
'Billy Crystal',de,unknown,#111111,#111111,1,0.240830858046
'Fabien Roussel',de,unknown,#111111,#111111,1,0.240729742413
'Caroline Ellison',de,unknown,#111111,#111111,1,0.240451797857
'Gregor Gysi',de,Deutschland,#11dd44,#11dd44,2,0.239215475841
'Pap Ndiaye',de,unknown,#111111,#111111,1,0.238890465044
'Nancy Faeser',de,Deutschland,#11dd44,#11dd44,3,0.238342388363
'Leandro De Niro Rodriguez',de,USA,#18e8e8,#18e8e8,1,0.237904387588
'Stephan Harbarth',de,Deutschland,#11dd44,#11dd44,1,0.234611867592
'Karl Lauterbach',de,Deutschland,#11dd44,#11dd44,3,0.233363913320
'Martin Schirdewan',de,Deutschland,#11dd44,#11dd44,3,0.232780733585
'Don Lemon',de,USA,#18e8e8,#18e8e8,1,0.232670486562
'Joschka Fischer',de,Deutschland,#11dd44,#11dd44,1,0.232448751378
'Alfred Nobel',de,Schweden,#77dd11,#77dd11,2,0.232338286288
'Saskia Esken',de,Deutschland,#11dd44,#11dd44,3,0.231988335502
'Karl Nehammer',de,Österreich,#6622bb,#6622bb,3,0.231631221730
'Chelsea Manning',de,USA,#18e8e8,#18e8e8,2,0.231330931094
'Hilda Nakabuye',de,Uganda,#44cc88,#44cc88,1,0.230061204531
'Edward Snowden',de,USA,#18e8e8,#18e8e8,2,0.229714760019
'Peter Urban',de,Deutschland,#11dd44,#11dd44,1,0.229686881609
'Alexander Lukaschenko',de,Belarus,#e81858,#e81858,3,0.229087826642
'Zach Bryan',de,unknown,#111111,#111111,1,0.228928720379
'Giorgia Meloni',de,Italien,#7722cc,#7722cc,3,0.228731555703
'Tiffany Chen',de,USA,#18e8e8,#18e8e8,1,0.228350263869
'Chuck Todd',de,USA,#18e8e8,#18e8e8,1,0.228009370159
'Cassidy Hutchinson',de,unknown,#111111,#111111,1,0.227375045985
'Anthony Fauci',de,USA,#18e8e8,#18e8e8,2,0.226962077491
'Björn Höcke',de,Deutschland,#11dd44,#11dd44,2,0.226423442066
'Suleika Jaouad',de,unknown,#111111,#111111,1,0.225488402466
'Willie Nelson',de,unknown,#111111,#111111,1,0.225421861623
'Sergej Lawrow',de,Russland,#e81818,#e81818,3,0.224982473689
'Kamilla Cardoso',de,unknown,#111111,#111111,1,0.224810135912
'Wolfgang Schäuble',de,Deutschland,#11dd44,#11dd44,2,0.223148145736
'Jean-Denis Combrexelle',de,unknown,#111111,#111111,1,0.222772504283
'Dieter Salomon',de,Deutschland,#11dd44,#11dd44,1,0.222764701048
'Joana Cotar',de,Deutschland,#11dd44,#11dd44,2,0.222687770054
'Jean-Jacques Rousseau',de,Schweiz,#88cc44,#88cc44,1,0.222323499564
'Boris Pistorius',de,Deutschland,#11dd44,#11dd44,3,0.222314040266
'Xi Jinping',de,China,#e88818,#e88818,3,0.222304410492
'Hazel Monét',de,unknown,#111111,#111111,1,0.222214540705
'Joy Behar',de,unknown,#111111,#111111,1,0.222175992892
'Yevgeny Prigozhin',de,Russland,#e81818,#e81818,1,0.221852656250
'Pierre-Yves Dermagne',de,Belgien,#bb33ff,#bb33ff,1,0.221852656250
'Megyn Kell',de,USA,#18e8e8,#18e8e8,1,0.221852656250
'Leon Botstein',de,USA,#18e8e8,#18e8e8,1,0.221852656250
'Sergej Schoigu',de,Russland,#e81818,#e81818,3,0.221828588284
'Sahra Wagenknecht',de,Deutschland,#11dd44,#11dd44,3,0.221299566266
'Jeff Bezos',de,USA,#18e8e8,#18e8e8,3,0.220608391196
'Drena De Niro',de,USA,#18e8e8,#18e8e8,1,0.220136488479
'Eva Kaili',de,EU,#bbff33,#bbff33,3,0.219786134194
'Michael Cohen',de,USA,#18e8e8,#18e8e8,3,0.218792872905
'Recep Tayyip Erdoğan',de,Türkei,#4411ee,#4411ee,2,0.218526958784
'Michael Mann',de,USA,#18e8e8,#18e8e8,3,0.217596622844
'Afida Turner',de,Frankreich,#e8e808,#e8e808,1,0.217315014423
'Jewgeni Prigoschin',de,Russland,#e81818,#e81818,2,0.217292238389
'Alice Weidel',de,Deutschland,#11dd44,#11dd44,2,0.216655833646
'Winfried Kretschmann',de,Deutschland,#11dd44,#11dd44,3,0.215520805967
'Lothar Wieler',de,Deutschland,#11dd44,#11dd44,1,0.214475643039
'Schellnhuber',de,Deutschland,#11dd44,#11dd44,2,0.214368131729
'Frank-Walter Steinmeier',de,Deutschland,#11dd44,#11dd44,3,0.213792117426
'Charles Koch',de,USA,#18e8e8,#18e8e8,2,0.213101432961
'Katalin Novák',de,Ungarn,#33aa99,#33aa99,1,0.212432244683
'Thomas Haldenwang',de,Deutschland,#11dd44,#11dd44,2,0.212210223330
'Chip Somodevilla',de,USA,#18e8e8,#18e8e8,2,0.211854690614
'Fidel Castro',de,Kuba,#cc4488,#cc4488,2,0.211661539921
'Rishi Sunak',de,UK,#e838e8,#e838e8,3,0.211621018046
'Annalena Baerbock',de,Deutschland,#11dd44,#11dd44,3,0.210491810356
'Julian Reichelt',de,Deutschland,#11dd44,#11dd44,2,0.210070563924
'Charles Michel',de,EU,#bbff33,#bbff33,1,0.209741890994
'Alice Schwarzer',de,Deutschland,#11dd44,#11dd44,2,0.209605642588
'Ola Källenius',de,Deutschland,#11dd44,#11dd44,2,0.207968429447
'Robin Wall Kimmerer',de,unknown,#111111,#111111,1,0.207697236966
'Jerome Powell',de,USA,#18e8e8,#18e8e8,3,0.207406820977
'Bernard Arnault',de,Frankreich,#e8e808,#e8e808,2,0.207385150605
'Cillian Murphy',de,Irland,#33bbff,#33bbff,3,0.207266170663
'Andrzej Duda',de,Polen,#8844cc,#8844cc,3,0.207231072552
'Julian Assange',de,Australien,#99aa33,#99aa33,3,0.206780390813
'Roberta Metsola',de,EU,#bbff33,#bbff33,2,0.206031686168
'Jan Lipavský',de,Tschechien,#cc8844,#cc8844,1,0.205191517846
'Rafael Grossi',de,UN,#e888e8,#e888e8,3,0.205078210417
'Luisa Neubauer',de,Deutschland,#11dd44,#11dd44,2,0.203934823964
'Mark Zuckerberg',de,USA,#18e8e8,#18e8e8,3,0.202991931794
'Karine Jean-Pierre',de,USA,#18e8e8,#18e8e8,3,0.201606851602
'Igor Setschin',de,Russland,#e81818,#e81818,2,0.200535646194
'Faisal Kawusi',de,Deutschland,#11dd44,#11dd44,1,0.199949052960
'Viktor Orbán',de,Ungarn,#33aa99,#33aa99,3,0.199922479928
'Warren Buffet',de,USA,#18e8e8,#18e8e8,2,0.198812136611
'Jack Ma',de,China,#e88818,#e88818,1,0.198163844432
'Shahzada Dawood',de,Pakistan,#bb3355,#bb3355,1,0.198103507082
'Christian Drosten',de,Deutschland,#11dd44,#11dd44,2,0.194786454223
'Aleksandar Vucic',de,Serbien,#4488cc,#4488cc,3,0.194264146212
'Liz Truss',de,UK,#e838e8,#e838e8,2,0.194025794077
'Stefan Rahmstorf',de,Deutschland,#11dd44,#11dd44,2,0.193634442976
'Louis Klamroth',de,Deutschland,#11dd44,#11dd44,2,0.192338651398
'Mike Pence',de,USA,#18e8e8,#18e8e8,2,0.191986847842
'Franziska Giffey',de,Deutschland,#11dd44,#11dd44,3,0.191623270771
'John Paul II',de,Vatikan,#58b8e8,#58b8e8,1,0.190977981613
'Roland Busch',de,Deutschland,#11dd44,#11dd44,1,0.190063660652
'Michael Sandel',de,USA,#18e8e8,#18e8e8,1,0.188841841894
'Richard Ferrand',de,Frankreich,#e8e808,#e8e808,1,0.188683143650
'Jens Stoltenberg',de,Norwegen,#e818e8,#e818e8,1,0.188632288693
'Robert Nozick',de,USA,#18e8e8,#18e8e8,1,0.188574757812
'Éric Ciotti',de,Frankreich,#e8e808,#e8e808,1,0.188544872669
'Lukaschenko',de,Belarus,#e81858,#e81858,3,0.188376387245
'Paul Kagame',de,Ruanda,#33ddaa,#33ddaa,1,0.187897815073
'Michael Kretschmer',de,Deutschland,#11dd44,#11dd44,3,0.187538004884
'Bruno Kahl',de,Deutschland,#11dd44,#11dd44,1,0.187458681009
'Fumio Kishida',de,Japan,#aa9933,#aa9933,3,0.187035135023
'Benjamin Netanyahu',de,Israel,#8822dd,#8822dd,2,0.185442199232
'Dalai Lama',de,Tibet,#ddaa33,#ddaa33,1,0.183742741883
'Napoleon Bonaparte',de,Frankreich,#e8e808,#e8e808,2,0.183532816274
'Steffi Lemke',de,Deutschland,#11dd44,#11dd44,3,0.182995565350
'Carola Rackete',de,Deutschland,#11dd44,#11dd44,2,0.181811642726
'Tamim bin Hamad Al Thani',de,Katar,#33aadd,#33aadd,1,0.181015591473
'Vitali Klitschko',de,Ukraine,#e818e8,#e818e8,3,0.179476953316
'Ed McVey',de,UK,#e838e8,#e838e8,1,0.177739427590
'Hans Joosten',de,unknown,#111111,#111111,1,0.176444911305
'Herschel Walker',de,USA,#18e8e8,#18e8e8,1,0.176317398555
'Wolodymyr Selenski',de,Ukraine,#e818e8,#e818e8,1,0.176280755108
'Jair Lapid',de,Israel,#8822dd,#8822dd,2,0.171775392327
'Boris Palmer',de,Deutschland,#11dd44,#11dd44,1,0.169720596200
'Justin Trudeau',de,Kanada,#ffaabb,#ffaabb,2,0.167305306037
'Kim Jong-un',de,NordKorea,#4811f1,#4811f1,3,0.166994682129
'Klaus-Michael Kühne',de,Deutschland,#11dd44,#11dd44,2,0.166959320396
'Katharina König-Press',de,Deutschland,#11dd44,#11dd44,1,0.166387043835
'Tamim Hamad Thani',de,Katar,#33aadd,#33aadd,1,0.166024191066
'Immanuel Kant',de,Deutschland,#11dd44,#11dd44,2,0.165889027054
'Antonio Guterres',de,UN,#e888e8,#e888e8,2,0.162032699536
'Bruno Retailleau',de,Frankreich,#e8e808,#e8e808,1,0.161214384255
'Christoph Heusgen',de,Deutschland,#11dd44,#11dd44,2,0.161200775547
'Daniel Freund',de,EU,#bbff33,#bbff33,2,0.161010698911
'Steve Milloy',de,USA,#18e8e8,#18e8e8,1,0.160288544141
'Detlef Garbe',de,Deutschland,#11dd44,#11dd44,1,0.160288544141
'Cyril Ramaphosa',de,Südafrika,#1144ee,#1144ee,2,0.159854590076
'Meg Bellamy',de,UK,#e838e8,#e838e8,1,0.159128394767
'Andreas Baum',de,Deutschland,#11dd44,#11dd44,1,0.158450287556
'Michael Walzer',de,USA,#18e8e8,#18e8e8,1,0.155713656138
'Andrea Lindholz',de,Deutschland,#11dd44,#11dd44,2,0.155234411900
'Anthony Albanese',de,Australien,#99aa33,#99aa33,2,0.154961120025
'Horst Seehofer',de,Deutschland,#11dd44,#11dd44,1,0.154154229566
'Erik Marquardt',de,EU,#bbff33,#bbff33,1,0.153794623858
'Macky Sall',de,Senegal,#aa33dd,#aa33dd,1,0.151788206312
'Martin Sonneborn',de,Deutschland,#11dd44,#11dd44,1,0.151785724284
'Mojib Latif',de,Deutschland,#11dd44,#11dd44,2,0.151168271046
'Volker Wissing',de,Deutschland,#11dd44,#11dd44,3,0.150531145402
'David Malpass',de,USA,#18e8e8,#18e8e8,1,0.149645727636
'Hans Joachim Schellnhuber',de,Deutschland,#11dd44,#11dd44,2,0.149505623769
'Richard Feynman',de,USA,#18e8e8,#18e8e8,1,0.148775318503
'Patriarch Kyrill',de,Ukraine,#e818e8,#e818e8,2,0.147265368122
'Alfred Bernhard Nobel',de,Schweden,#77dd11,#77dd11,1,0.147144883521
'Ebrahim Raisi',de,Iran,#11bb99,#11bb99,2,0.145990296084
'Yoon Suk-yeol',de,SüdKorea,#22bb66,#22bb66,3,0.145481018944
'Kardinal Woelki',de,Deutschland,#11dd44,#11dd44,2,0.145274899609
'Mary Lou McDonald',de,Irland,#33bbff,#33bbff,2,0.144444660028
'Sergey Brin',de,USA,#18e8e8,#18e8e8,1,0.141641091242
'Edmund Stoiber',de,Deutschland,#11dd44,#11dd44,1,0.140284921369
'Nicola Sturgeon',de,UK,#e838e8,#e838e8,1,0.138779541515
'Alexei Nawalny',de,Russland,#e81818,#e81818,1,0.137418783808
'Sucharit Bhakdi',de,Deutschland,#11dd44,#11dd44,1,0.136883302257
'Sundar Pichai',de,USA,#18e8e8,#18e8e8,2,0.135153729412
'John Kerry',de,USA,#18e8e8,#18e8e8,1,0.131866122561
'Christine Lagarde',de,EU,#bbff33,#bbff33,2,0.128987654928
'Werner von Braun',de,Deutschland,#11dd44,#11dd44,1,0.127755628705
'Gérard Biard',de,Frankreich,#e8e808,#e8e808,1,0.127389320456
'Lula sa Silva',de,Brasilien,#58e838,#58e838,2,0.126919902259
'Katalin Novak',de,Ungarn,#33aa99,#33aa99,2,0.126380109410
'Subrahmanyam Jaishankar',de,Indien,#dd3344,#dd3344,1,0.124582407941
'Tamim bin Hamad Al-Thani',de,Katar,#33aadd,#33aadd,1,0.123566027127
'Daniel Zhang',de,China,#e88818,#e88818,1,0.120954962142
'Karl Jenkins',de,UK,#e838e8,#e838e8,1,0.119771472957
'Heinrich XIII. Prinz Reuß',de,Deutschland,#11dd44,#11dd44,1,0.119000689893
'Steffen Große',de,Deutschland,#11dd44,#11dd44,3,0.117724968157
'John Roberts',de,USA,#18e8e8,#18e8e8,1,0.117536359399
'Nick Fuentes',de,USA,#18e8e8,#18e8e8,1,0.117502504003
'Holger Münch',de,Deutschland,#11dd44,#11dd44,2,0.116486442923
'Michelle Neill',de,Irland,#33bbff,#33bbff,1,0.115808473142
'Edir Macedo',de,Brasilien,#58e838,#58e848,1,0.115808473142
'Robin Li',de,China,#e88818,#e88818,2,0.114759712483
'Ayatollah Ali Chamenei',de,Iran,#11bb99,#11bb99,1,0.114072032931
'Alexej Kudrin',de,Russland,#e81818,#e81818,1,0.111888838708
'Miguel Díaz-Canel',de,Kuba,#cc4488,#cc4488,1,0.108373256647
'Larry Page',de,USA,#18e8e8,#18e8e8,1,0.106146893879
'Julia Koch',de,USA,#18e8e8,#18e8e8,2,0.105171666447
'Nicola Beer',de,EU,#bbff33,#bbff33,1,0.104797676214
'Ali Chamenei',de,Iran,#11bb99,#11bb99,2,0.101326752900
'Paul Gosar',de,USA,#18e8e8,#18e8e8,1,0.100405946214
'Jewgenij Roisman',de,Russland,#e81818,#e81818,1,0.099604967164
'Benjamin Nethanaju',de,Israel,#8822dd,#8822dd,1,0.098437202171
'Raphael Warnock',de,USA,#18e8e8,#18e8e8,1,0.098437202170
'Gautam Adani',de,Indien,#dd3344,#dd3344,1,0.098015236202
'Susanne Klatten',de,Deutschland,#11dd44,#11dd44,1,0.096496965025
'Andrés Manuel López Obrador',de,Mexiko,#aadd33,#aadd33,1,0.096044598777
'Bartholomäus',de,Türkei,#4411ee,#4411ee,1,0.093890554752
'Sergej Lavrov',de,Russland,#e81818,#e81818,1,0.092242756998
'Volodymyr Zelenskiy',de,Ukraine,#e818e8,#e818e8,1,0.078232966425
