index,url,valid,domain,title,description,image,published,archive,content,quote,language,keyword
https://www.nzz.ch/nzz-am-sonntag/report-und-debatte/die-innenpolitik-wird-trump-bald-wieder-einholen-ld.1927078,https://www.nzz.ch/nzz-am-sonntag/report-und-debatte/die-innenpolitik-wird-trump-bald-wieder-einholen-ld.1927078,0,www.nzz.ch,KOMMENTAR - Die Innenpolitik wird Trump bald wieder einholen,Donald Trump kann mit dem Angriff auf das Mullah-Regime in Iran den Fokus weg von der Innenpolitik lenken. Doch an der Heimatfront mehren sich derweil die Probleme.,"https://img.nzz.ch/2026/02/28/45a51f38-00df-4e1c-96c7-a21158159b76.jpg?width=1200&height=675&fit=bounds&quality=75&auto=webp&crop=3367,1894,x116,y0&wmark=nzz",2026-03-01T04:30:00Z,,"Donald Trump kann mit dem Angriff auf das Mullah-Regime in Iran den Fokus weg von der Innenpolitik lenken. Doch an der Heimatfront mehren sich derweil die Probleme.
01.03.2026, 05.30 Uhr
US-Präside… [+3774 chars]",,de,'Donald Trump'
https://www.nzz.ch/international/ein-sieger-steht-schon-fest-im-krieg-zwischen-iran-und-den-usa-saudiarabien-ld.1926743,https://www.nzz.ch/international/ein-sieger-steht-schon-fest-im-krieg-zwischen-iran-und-den-usa-saudiarabien-ld.1926743,0,www.nzz.ch,Ein Sieger steht schon fest im Krieg zwischen Iran und den USA: Saudiarabien,"Noch ist nicht klar, wie der Konflikt zwischen den USA und der Islamischen Republik ausgeht. Doch der machthungrige Kronprinz der grössten Golfmonarchie, Mohammed bin Salman, erhebt schon jetzt seinen Führungsanspruch in Nahost.","https://img.nzz.ch/2026/02/28/f0ff124b-e682-4f8e-9c34-af689d34eb71.jpg?width=1200&height=674&fit=bounds&quality=75&auto=webp&crop=3000,1687,x0,y160&wmark=nzz",2026-03-01T04:30:00Z,http://web.archive.org/web/20260302061919/https://www.nzz.ch/international/ein-sieger-steht-schon-fest-im-krieg-zwischen-iran-und-den-usa-saudiarabien-ld.1926743,"Noch ist nicht klar, wie der Konflikt zwischen den USA und der Islamischen Republik ausgeht. Doch der machthungrige Kronprinz der grössten Golfmonarchie, Mohammed bin Salman, erhebt schon jetzt seine… [+10662 chars]",,de,'Mohammed bin Salman'
https://www.nzz.ch/international/trumps-iran-trauma-er-will-die-usa-um-jeden-preis-wieder-respektiert-sehen-ld.1926924,https://www.nzz.ch/international/trumps-iran-trauma-er-will-die-usa-um-jeden-preis-wieder-respektiert-sehen-ld.1926924,0,www.nzz.ch,Donald Trumps Iran-Trauma: Er will die USA um jeden Preis wieder respektiert sehen,"Ein Grund für den risikoreichen Angriff des US-Präsidenten auf Iran könnte in einer Demütigung liegen, die fast ein halbes Jahrhundert zurückliegt.","https://img.nzz.ch/2026/02/28/090bf3e3-b5f0-4be9-9ea9-4e4b838278fd.jpg?width=1200&height=675&fit=bounds&quality=75&auto=webp&crop=4961,2791,x0,y323&wmark=nzz",2026-03-01T04:30:00Z,,"Ein Grund für den risikoreichen Angriff des US-Präsidenten auf Iran könnte in einer Demütigung liegen, die fast ein halbes Jahrhundert zurückliegt.
Zusammenfassung
Merken
Donald Trump, damals noch… [+4870 chars]",,de,'Donald Trump'
https://www.welt.de/politik/ausland/article699bef01ee35d0f0647c4345/ukraine-krieg-belgien-kapert-tanker-der-russischen-schattenflotte-liveticker.html,https://www.welt.de/politik/ausland/article699bef01ee35d0f0647c4345/ukraine-krieg-belgien-kapert-tanker-der-russischen-schattenflotte-liveticker.html,0,www.welt.de,Belgien kapert Tanker der russischen Schattenflotte,"Bundeskanzler Friedrich Merz steht Gesprächen mit dem Kreml grundsätzlich offen gegenüber, sagt er. Derzeit seien solche Formate angesichts der russischen Kriegsführung aber sinnlos. Und: Rund um das Atomkraftwerk Saporischschja soll eine Waffenruhe gelten. M…",https://images.welt.de/699bef01ee35d0f0647c4345/f70f4d7d153cd291194ca0718cd66a2d/ci16x9-w1200/260301-belgium-schattenflotte-jpeg,2026-03-01T05:12:00Z,http://web.archive.org/web/20260301203355/https://www.welt.de/politik/ausland/article699bef01ee35d0f0647c4345/ukraine-krieg-belgien-kapert-tanker-der-russischen-schattenflotte-liveticker.html,Belgien hat einen Tanker der russischen Schattenflotte gekapert. Das Schiff soll in den Hafen von Seebrügge geschleppt werden. Frankreich unterstützte die Operation. Mehr im Liveticker.Die Ukraine se… [+19007 chars],,de,'Steve Witkoff'
https://www.nzz.ch/international/ayatollah-ali-khamenei-ist-tot-ein-nachruf-auf-den-diktator-ld.1542890,https://www.nzz.ch/international/ayatollah-ali-khamenei-ist-tot-ein-nachruf-auf-den-diktator-ld.1542890,0,www.nzz.ch,Ayatollah Ali Khamenei ist tot. Ein Nachruf auf den Diktator,"Der greise Kleriker hat die iranische Theokratie durch zahlreiche Stürme gesteuert. Doch unter seiner Führung ist das Regime immer mehr erstarrt. Ob es den Tod Khameneis überleben wird, ist ungewiss.","https://img.nzz.ch/2026/02/28/75dc1744-ab59-4f81-98c6-8bd3a7425a88.jpg?width=1200&height=674&fit=bounds&quality=75&auto=webp&crop=2152,1210,x0,y0&wmark=nzz",2026-03-01T08:34:33Z,,"Der greise Kleriker hat die iranische Theokratie durch zahlreiche Stürme gesteuert. Doch unter seiner Führung ist das Regime immer mehr erstarrt. Ob es den Tod Khameneis überleben wird, ist ungewiss.… [+14055 chars]",,de,'Ali Khamenei'
https://www.voltairenet.org/article223796.html,https://www.voltairenet.org/article223796.html,0,www.voltairenet.org,"US-Botschafter Evangelikal-Zionistenpastor Mike Huckabee plädiert für ein talmudisch inspiriertes Großisrael, von Alfredo Jalife-Rahme","Tucker Carlsons Interview mit Mike Huckabee hat die Amerikaner im Allgemeinen und Trumpisten im Besonderen tief gespalten. Diese Debatte zeigt eine sich vertiefende Spaltung im Westen zwischen Zionisten und Antizionisten. Aber von welchem ""Zionismus"" sprechen…",https://www.voltairenet.org/IMG/logo/223793arton.jpg?1772362390,2026-03-01T11:03:36Z,http://web.archive.org/web/20260301150816/https://www.voltairenet.org/article223796.html,"Auf Bitten von Präsident Trump führte sein Unterstützer Tucker Carlson (TC), der populärste Fernsehmoderator der Vereinigten Staaten, am Ben-Gurion-Flughafen in Israel ein Interview [1] mit dem US-""B… [+5763 chars]",,de,'Tucker Carlson'
https://www.nzz.ch/international/die-islamische-republik-iran-steht-am-abgrund-und-setzt-den-nahen-osten-in-flammen-ld.1927145,https://www.nzz.ch/international/die-islamische-republik-iran-steht-am-abgrund-und-setzt-den-nahen-osten-in-flammen-ld.1927145,0,www.nzz.ch,Die Islamische Republik Iran steht am Abgrund – und setzt den Nahen Osten in Flammen,Nach der Tötung von Revolutionsführer Ayatollah Ali Khamenei schwört Iran Rache. Das Regime überzieht die Region mit seinen Raketen. Derweil setzen die USA und Israel ihre Angriffe fort.,"https://img.nzz.ch/2026/03/01/5cffc11c-1fb1-4f11-86e2-c9299167b81b.jpg?width=1200&height=675&fit=bounds&quality=75&auto=webp&crop=6000,3375,x0,y308&wmark=nzz",2026-03-01T14:52:57Z,,"Nach der Tötung von Revolutionsführer Ayatollah Ali Khamenei schwört Iran Rache. Das Regime überzieht die Region mit seinen Raketen. Derweil setzen die USA und Israel ihre Angriffe fort.
Zusammenfas… [+8098 chars]",,de,'Ali Khamenei'
https://www.welt.de/videos/politik_original/ausland/video69a467c127ada1f92f3d23c3/krieg-in-nahost-iran-schlaegt-hart-zurueck-usa-verlieren-die-ersten-soldaten-im-kampf.html,https://www.welt.de/videos/politik_original/ausland/video69a467c127ada1f92f3d23c3/krieg-in-nahost-iran-schlaegt-hart-zurueck-usa-verlieren-die-ersten-soldaten-im-kampf.html,0,www.welt.de,Iran schlägt hart zurück ‒ USA verlieren die ersten Soldaten im Kampf,"Israel setzt Angriffe auf iranische Ziele fort, um Lufthoheit zu sichern. US-Soldaten sterben bei Operation Epic Fury. Im Iran feiern Menschen den Tod von Ali Khamenei, doch das Regime droht mit Vergeltung. Die Lage bleibt dynamisch und angespannt.",https://images.welt.de/69a467c127ada1f92f3d23c3/d51533aaea3ace99edb766c622ed77af-master/ci16x9-w1200/1772378034103-afp-99g33dx-jpg,2026-03-01T16:49:04Z,,"Israel setzt Angriffe auf iranische Ziele fort, um Lufthoheit zu sichern. US-Soldaten sterben bei Operation Epic Fury. Im Iran feiern Menschen den Tod von Ali Khamenei, doch das Regime droht mit Verg… [+108 chars]",,de,'Ali Khamenei'
https://www.nzz.ch/visuals/irans-oberster-machtzirkel-unter-druck-wer-noch-lebt-und-wer-nicht-ld.1927165,https://www.nzz.ch/visuals/irans-oberster-machtzirkel-unter-druck-wer-noch-lebt-und-wer-nicht-ld.1927165,0,www.nzz.ch,Irans oberster Machtzirkel unter Druck: Wer noch lebt und wer nicht – eine visuelle Übersicht,Die USA und Israel wollen das Regime in Teheran stürzen. Mit gezielten Tötungen soll die Elite geschwächt werden. Das prominenteste Opfer: Revolutionsführer Ali Khamenei.,"https://img.nzz.ch/2026/03/01/0548143c-c1de-4b0b-a2cc-bc65cda61040.png?width=1200&height=675&fit=bounds&quality=75&auto=webp&crop=1200,675,x0,y114&wmark=nzz",2026-03-01T16:55:00Z,,"Die USA und Israel wollen das Regime in Teheran stürzen. Mit gezielten Tötungen soll die Elite geschwächt werden. Das prominenteste Opfer: Revolutionsführer Ali Khamenei.
Zusammenfassung
Merken
Mi… [+1414 chars]",,de,'Ali Khamenei'
https://www.stern.de/news/angreifer-erschiesst-zwei-menschen-in-texas---fbi-spricht-von-terrorverdacht-37181564.html,https://www.stern.de/news/angreifer-erschiesst-zwei-menschen-in-texas---fbi-spricht-von-terrorverdacht-37181564.html,0,www.stern.de,Angreifer erschießt zwei Menschen in Texas - FBI spricht von Terrorverdacht,"Nach einem tödlichen Schusswaffenangriff im US-Bundesstaat Texas prüft die US-Bundespolizei FBI einen Terrorverdacht. Ein Angreifer hatte in der Nacht zum Sonntag vor einem Biergarten in Austin zwei Menschen erschossen und 14 weitere verletzt, bevor er von al…",https://image.stern.de/37181646/t/Y2/v1/w1440/r1.7778/-/01--polizisten-riegeln-die-umgebung-des-tatorts-ab---02b7d18d68053b77.jpg,2026-03-01T17:37:29Z,,"Kopiere den aktuellen Link
Zur Merkliste hinzufügen
Nach einem tödlichen Schusswaffenangriff im US-Bundesstaat Texas prüft die US-Bundespolizei FBI einen Terrorverdacht. Ein Angreifer hatte in der … [+1280 chars]",,de,'nan nan'
https://www.n-tv.de/politik/Regimewechsel-im-Iran-Der-Patient-ist-bereits-verstorben-id30419467.html,https://www.n-tv.de/politik/Regimewechsel-im-Iran-Der-Patient-ist-bereits-verstorben-id30419467.html,0,www.n-tv.de,"Trumps Krieg bei Caren Miosga: Regimewechsel im Iran? ""Der Patient ist bereits verstorben""","Der Tod von Ajatollah Chamenei bedeutet keinen Sturz des iranischen Regimes, analysiert die ARD-Talkrunde ""Caren Miosga"". Es geht um ein ""wahnsinnig gewaltbereites"" System und Terrorgefahr in Deutschland. Außenminister Wadephul will keine Bürger evakuieren un…",https://www.n-tv.de/img/30419468/1772413521/Img_16_9/1200/In-the-picture-from-left-Peter-Neumann-Azadeh-Zamirirad-Caren-Miosga-Omid-Nouripour-Annett-Meiritz-GER-Berlin-studio-guest-on-Caren-Miosga-s-political-talk-show-TV-format-with-presenter-Das-Erste-from-Adlershof-at-Studio-20-topic-War-in-the-Middle-East-will-the-regime-in-Iran-now-fall-March-1-2026.jpg,2026-03-02T00:17:42Z,,"Bei ""Caren Miosga"" gab es keine guten Aussichten für den Krieg im Nahen Osten. (Foto: picture alliance / HMB Media)
Der Tod von Ajatollah Chamenei bedeutet keinen Sturz des iranischen Regimes, analy… [+6062 chars]",,de,'Caren Miosga'
https://www.stern.de/news/angreifer-erschiesst-zwei-menschen-in-texas---mutmasslich-pro-iranische-gesinnung-37181564.html,https://www.stern.de/news/angreifer-erschiesst-zwei-menschen-in-texas---mutmasslich-pro-iranische-gesinnung-37181564.html,0,www.stern.de,Angreifer erschießt zwei Menschen in Texas - mutmaßlich pro-iranische Gesinnung,"Der Täter eines tödlichen Schusswaffenangriffs im US-Bundesstaat Texas hat nach Angaben der Organisation Site in der Vergangenheit in Onlinediensten eine ""pro-iranische Gesinnung"" geäußert. Der Täter habe in Beiträgen im Onlinedienst Facebook, die bis ins Jah…",https://image.stern.de/37181900/t/ai/v1/w1440/r1.7778/-/02--einsatzkraefte-am-tatort-in-austin---fce37bfbda52685a.jpg,2026-03-02T02:09:08Z,,"Kopiere den aktuellen Link
Zur Merkliste hinzufügen
Der Täter eines tödlichen Schusswaffenangriffs im US-Bundesstaat Texas hat nach Angaben der Organisation Site in der Vergangenheit in Onlinediens… [+2619 chars]",,de,'Kash Patel'
https://www.nzz.ch/international/hinter-den-kulissen-so-entschied-sich-donald-trump-fuer-den-krieg-gegen-iran-ld.1927170,https://www.nzz.ch/international/hinter-den-kulissen-so-entschied-sich-donald-trump-fuer-den-krieg-gegen-iran-ld.1927170,0,www.nzz.ch,Hinter den Kulissen: So entschied sich Donald Trump für den Krieg gegen Iran,"Vor einem Jahr sträubte sich der US-Präsident noch gegen einen forcierten Regimewechsel in Iran. Nach dem Zwölf-Tage-Krieg hoffte er auf Teherans Kapitulation am Verhandlungstisch. Als sich die Gespräche hinzogen, verlor Trump die Geduld und witterte eine Cha…","https://img.nzz.ch/2025/08/16/1287fd19-a8d3-446a-9b5a-da7f196d3f68.jpg?width=1200&height=675&fit=bounds&quality=75&auto=webp&crop=5333,3000,x0,y1000&wmark=nzz",2026-03-02T04:31:40Z,,Vor einem Jahr sträubte sich der US-Präsident noch gegen einen forcierten Regimewechsel in Iran. Nach dem Zwölf-Tage-Krieg hoffte er auf Teherans Kapitulation am Verhandlungstisch. Als sich die Gespr… [+7552 chars],,de,'Steve Witkoff'
https://www.sueddeutsche.de/medien/caren-miosga-iran-nahost-wadephul-aussage-aerger-nouripour-li.3396210,https://www.sueddeutsche.de/medien/caren-miosga-iran-nahost-wadephul-aussage-aerger-nouripour-li.3396210,0,www.sueddeutsche.de,"„Caren Miosga“: „Da hilft es nichts, viermal zu sagen: ‚Ich hab‘ euch doch gewarnt‘“",Außenminister Johann Wadephul sorgt mit einer Aussage zur Lage in Nahost bei „Caren Miosga“ für Ärger bei Omid Nouripour. Der in Teheran geborene Grünen-Politiker formuliert seinen Traum für Iran.,https://www.sueddeutsche.de/2026/03/02/2ff9ad8f-5840-45b8-8fa7-a64ca79867e0.jpg?q=60&fm=webp&width=1200&rect=0%2C414%2C4000%2C2250,2026-03-02T06:57:31Z,,"Wenn infolge des Kriegs das islamistische Regime zusammenbricht, ist das im unmittelbaren Interesse der USA. Dass sie ihn zu diesem Zweck begonnen haben, fällt jedoch schwer zu glauben. Was will Trum… [+52 chars]",,de,'Caren Miosga'
https://www.focus.de/politik/meinung/ricarda-lang-zu-hoeherer-mehrwertsteuer-ungerecht-und-alle-zahlen-drauf_8387983f-6eb4-4cea-8ca7-0e588c680428.html,https://www.focus.de/politik/meinung/ricarda-lang-zu-hoeherer-mehrwertsteuer-ungerecht-und-alle-zahlen-drauf_8387983f-6eb4-4cea-8ca7-0e588c680428.html,0,www.focus.de,"Ricarda Lang zu höherer Mehrwertsteuer: ""Ungerecht und alle zahlen drauf!""",Eine Mehrwertsteuer-Erhöhung trifft besonders Familien und Geringverdiener hart – Alternativen wie Erbschaftssteuer bleiben ungenutzt.,https://quadro.burda-forward.de/ctf/56bf2420-7d91-4d9f-8494-ee71a9cf5112.bf1c866c-5dbc-47e8-ae08-66d707afb42c.jpg?im=RegionOfInterestCrop%3D%281200%2C630%29%2CregionOfInterest%3D%281491%2C949%29&hash=825118bca7d6708d267238424dbd14f23e48fe7e554c1ea45c4571d3c05c3f43,2026-03-02T07:15:00Z,http://web.archive.org/web/20260303072506/https://www.focus.de//politik//meinung//ricarda-lang-zu-hoeherer-mehrwertsteuer-ungerecht-und-alle-zahlen-drauf_8387983f-6eb4-4cea-8ca7-0e588c680428.html,"Der Ökonom Marcel Fratzscher schrieb vor zwei Wochen in der ""Zeit"": Und genau deshalb ist die Versuchung groß, sich durchzumogeln: nicht die großen Interessenkonflikte anzufassen, sondern den vermein… [+5622 chars]",,de,'Ricarda Lang'
https://www.dwdl.de/zahlenzentrale/105706/ardbrennpunkt_mit_hoechster_reichweite_seit_vier_jahren/,https://www.dwdl.de/zahlenzentrale/105706/ardbrennpunkt_mit_hoechster_reichweite_seit_vier_jahren/,0,www.dwdl.de,"ARD-""Brennpunkt"" mit höchster Reichweite seit vier Jahren","Mit weit über acht Millionen Zuschauerinnen und Zuschauern hat der ARD-""Brennpunkt"" zum Krieg im Nahen Osten am Sonntag so viele Menschen erreicht wie zuletzt beim Ausbruch des Ukraine-Kriegs. Auch ""Caren Miosga"" verbuchte steigende Quoten.",https://www.dwdl.de/images/1772438071_brennpunkt-iran---krieg-im-nahen-o.jpg,2026-03-02T07:55:00Z,http://web.archive.org/web/20260302125247/https://www.dwdl.de/zahlenzentrale/105706/ardbrennpunkt_mit_hoechster_reichweite_seit_vier_jahren/,"Der ARD-""Brennpunkt"" war am Sonntag die meistgesehene Sendung des Tages. Durchschnittlich 8,62 Millionen Menschen sahen um 20:15 Uhr die knapp 20-minütige Sondersendung im Ersten zum Iran-Krieg - deu… [+2369 chars]",,de,'Caren Miosga'
https://www.n-tv.de/politik/Trump-provoziert-seinen-America-First-Fluegel-id30420123.html,https://www.n-tv.de/politik/Trump-provoziert-seinen-America-First-Fluegel-id30420123.html,0,www.n-tv.de,"Frieden zugesagt, Krieg gebracht: Trump provoziert seinen ""America First""-Flügel",Im Präsidentschaftswahlkampf verspricht Donald Trump den US-Amerikanern ein Ende von Kriegen. Doch allein seit Jahresbeginn sind die USA bereits in mehreren Ländern militärisch vorgegangen. Wie kommt das an?,https://www.n-tv.de/img/30420276/1772442951/Img_16_9/1200/A-protester-holds-placards-reading-No-Iran-war-during-a-demonstration-against-the-war-in-Iran-in-Chicago-Illinois-on-February-28-2026-The-US-and-Israel-launch-an-attack-of-unprecedented-scale-against-Iran-on-February-28-reportedly-killing-more-than-200-people-with-Tehran-launching-a-retaliatory-missile-barrage-that-sends-people-running-for-cover-across-the-Middle-East-Donald-Trump-announces-on-Truth-Social-that-Iran-s-supreme-leader-Ayatollah-Ali-Khamenei-is-killed-today.jpg,2026-03-02T09:45:29Z,http://web.archive.org/web/20260302152259/https://www.n-tv.de/politik/Trump-provoziert-seinen-America-First-Fluegel-id30420123.html,"Frieden zugesagt, Krieg gebrachtTrump provoziert seinen ""America First""-Flügel
Viele US-Demokraten wollen keinen Krieg gegen den Iran. Viele Wählerinnen und Wähler von Donald Trump auch nicht. (Foto… [+5851 chars]",,de,'Donald Trump'
https://www.n-tv.de/sport/Das-Schwergewichtsboxen-macht-sich-komplett-laecherlich-id30420436.html,https://www.n-tv.de/sport/Das-Schwergewichtsboxen-macht-sich-komplett-laecherlich-id30420436.html,0,www.n-tv.de,Zum Teufel mit den Farce-Kämpfen: Das Schwergewichtsboxen macht sich komplett lächerlich,"Schwergewichts-König Oleksandr Usyk bekommt in Ägypten ein zweifelhaftes Spektakel serviert. Der Kampf gegen Kickbox-Legende Rico Verhoeven ist die nächste Faustkampf-Farce, die sich in eine Liste bescheuerter Zirkuskämpfe einreiht.",https://www.n-tv.de/img/30420428/1772445380/Img_16_9/1200/Anthony-Joshua-v-Daniel-Dubois-IBF-Heavyweight-Title-Fight-Wembley-Stadium-Oleksandr-Usyk-in-the-stands-at-Wembley-Stadium-London-Picture-date-Saturday-September-21-2024-Use-subject-to-restrictions-Editorial-use-only-no-commercial-use-without-prior-consent-from-rights-holder.jpg,2026-03-02T10:15:01Z,,"Plötzlich Zirkusboxer: Oleksandr Usyk. (Foto: IMAGO/PA Images)
Schwergewichts-König Oleksandr Usyk bekommt in Ägypten ein zweifelhaftes Spektakel serviert. Der Kampf gegen Kickbox-Legende Rico Verho… [+5298 chars]",,de,'Oleksandr Usyk'
https://www.n-tv.de/politik/Insider-der-US-Regierung-zweifeln-an-Regimewechsel-id30420705.html,https://www.n-tv.de/politik/Insider-der-US-Regierung-zweifeln-an-Regimewechsel-id30420705.html,0,www.n-tv.de,Luftangriffe sind zu wenig: Insider der US-Regierung zweifeln an Regimewechsel,"Was möchte Donald Trump im Iran erreichen? Das Regime soll weg, sagt der US-Präsident. Doch daran zweifeln nicht nur oppositionelle Demokraten. Einem Bericht zufolge sind auch im Weißen Haus einige Vertreter überzeugt: Mit dem bisherigen Plan funktioniert es …",https://www.n-tv.de/img/30420847/1772450764/Img_16_9/1200/Ein-pro-iranischer-Hisbollah-Anhaenger-der-ein-Bild-des-iranischen-Obersten-Fuehrers-Ajatollah-Ali-Chamenei-in-der-Hand-haelt-weint-waehrend-einer-Kundgebung.jpg,2026-03-02T11:25:04Z,,"Luftangriffe sind zu wenigInsider der US-Regierung zweifeln an Regimewechsel
Eine Anhängerin der proiranischen Hisbollah beweint den Tod des obersten iranischen Führers Ajatollah Ali Chamenei. (Foto… [+3930 chars]",,de,'Donald Trump'
https://www.dw.com/de/angreifer-erschie%C3%9Ft-zwei-menschen-in-texas-mutma%C3%9Flich-pro-iranische-gesinnung-iran-usa-austin/a-76181928,https://www.dw.com/de/angreifer-erschie%C3%9Ft-zwei-menschen-in-texas-mutma%C3%9Flich-pro-iranische-gesinnung-iran-usa-austin/a-76181928,0,www.dw.com,Schießerei in Texas: Tat mutmaßlich pro-iranisch motiviert,"Das FBI prüft nach einer Schießerei im US-Bundesstaat Texas Hinweise auf einen terroristischen Hintergrund. Ein Mann hatte in einer Bar in Austin auf Passanten und
Insassen geschossen, drei Menschen starben. Der Täter eines tödlichen Schusswaffenangriffs im U…",https://static.dw.com/image/76176437_6.jpg,2026-03-02T11:50:00Z,,"Der Täter eines tödlichen Schusswaffenangriffs im US-Bundesstaat Texas hat nach Angaben der Organisation Site in der Vergangenheit in Onlinediensten eine ""pro-iranische Gesinnung"" geäußert. Der Täter… [+3059 chars]",,de,'Kash Patel'
https://www.faz.net/aktuell/feuilleton/medien-und-film/medienpolitik/peter-voss-im-tv-zeigt-sich-was-unserer-debatte-ueber-den-iran-krieg-fehlt-110846676.html,https://www.faz.net/aktuell/feuilleton/medien-und-film/medienpolitik/peter-voss-im-tv-zeigt-sich-was-unserer-debatte-ueber-den-iran-krieg-fehlt-110846676.html,0,www.faz.net,Irankrieg im Deutschen Fernsehen: Putin als Kronzeuge?,"Im deutschen Fernsehen zeigt sich, was in unserer Debatte über Kriege und Krisen fehlt. Die Deutschen berufen sich aufs Völkerrecht und heben den Zeigefinger. Und dann?",https://media0.faz.net/image/w1200h627/740d4aa1b7e6/w2727h1424x136y299o/032026/1.10846721/ein-plakat-mit-dem-portraet.webp,2026-03-02T17:47:27Z,http://web.archive.org/web/20260302192201/https://www.faz.net/aktuell/feuilleton/medien-und-film/medienpolitik/peter-voss-im-tv-zeigt-sich-was-unserer-debatte-ueber-den-iran-krieg-fehlt-110846676.html,Als das deutsche Symbol schlechthin gilt weithin der erhobene Zeigefinger. Zumal in den öffentlich-rechtlichen Sendern kommen seine Träger oft und gern zu Wort. Deren Aufarbeitung des israelisch-amer… [+4021 chars],,de,'Caren Miosga'
https://www.sueddeutsche.de/politik/ukraine-krieg-newsblog-selenskij-nahost-iran-waffennachschub-li.3388192,https://www.sueddeutsche.de/politik/ukraine-krieg-newsblog-selenskij-nahost-iran-waffennachschub-li.3388192,0,www.sueddeutsche.de,Krieg in der Ukraine: Wegen Nahostkonflikt: Selenskij sorgt sich um Waffennachschub,"Der ukrainische Präsident fürchtet, dass die USA Raketen und Waffen für die Verteidigung im Nahen Osten benötigen. Russland klagt wegen eingefrorener Vermögenswerte vor einem EU-Gericht in Luxemburg.",https://www.sueddeutsche.de/2026/03/03/2175c4e8-8aba-4cf2-b5bc-53033a3fd3fd.jpg?q=60&fm=webp&width=1200&rect=0%2C264%2C4000%2C2250,2026-03-03T09:58:00Z,http://web.archive.org/web/20260303225813/https://www.sueddeutsche.de/politik/ukraine-krieg-newsblog-selenskij-nahost-iran-waffennachschub-li.3388192,Die nächste Runde der von den USA vermittelten Gespräche zwischen der Ukraine und Russland wird Angaben aus Kiew zufolge Anfang März in Abu Dhabi in den Vereinigten Arabischen Emiraten erwartet. Es i… [+1486 chars],,de,'Selenski'
https://www.stern.de/politik/ausland/iran-krieg--iaea--neue-schaeden-an-gebaeuden-iranischer-atomanlage-37185364.html,https://www.stern.de/politik/ausland/iran-krieg--iaea--neue-schaeden-an-gebaeuden-iranischer-atomanlage-37185364.html,0,www.stern.de,Iran-Krieg: IAEA: Neue Schäden an Gebäuden iranischer Atomanlage,"Israel und die USA wollen verhindern, dass der Iran Atomwaffen entwickelt. Auch damit begründen sie die Angriffe auf das Land. Nun bestätigt die IAEA neue Schäden an einer Urananreicherungsanlage.",https://image.stern.de/37186466/t/mz/v1/w1440/r1.7778/-/03--s2xfmlhqofv3axs2048jpeg---49bdc48c05cb876b.jpg,2026-03-03T10:07:28Z,,"Kopiere den aktuellen Link
Zur Merkliste hinzufügen
Israel und die USA wollen verhindern, dass der Iran Atomwaffen entwickelt. Auch damit begründen sie die Angriffe auf das Land. Nun bestätigt die … [+3124 chars]",,de,'Steve Witkoff'
https://www.diepresse.com/20642152/benjamin-netanjahu-ist-die-treibende-kraft-im-iran-krieg-wie-es-zur-us,https://www.diepresse.com/20642152/benjamin-netanjahu-ist-die-treibende-kraft-im-iran-krieg-wie-es-zur-us,0,www.diepresse.com,Benjamin Netanjahu ist die treibende Kraft im Iran-Krieg: Wie es zur US-israelischen Militäraktion kam [premium],"Der israelische Premier überzeugte US-Präsident Trump von einem großen Schlag gegen das Regime in Teheran. Ein Präventivschlag hätte die USA zum Handeln gezwungen, erklärte US-Außenminister Marco Rubio.",https://img.diepresse.com/public/incoming/11g9ks-imago-images-0844161662/alternates/DPR_SOCIAL_NACHRICHTEN/imago%20images%200844161662,2026-03-03T10:30:00Z,http://web.archive.org/web/20260303113537/https://www.diepresse.com/20642152/benjamin-netanjahu-ist-die-treibende-kraft-im-iran-krieg-wie-es-zur-us,Zum Jahreswechsel flog Benjamin Netanjahu mit Ehefrau Sara nach Florida nicht zum Urlaub oder zu Donald Trumps Silvesterparty im Privatklub Mar-a-Lago in Palm Beach. Israels Premier holte beim US-Prä… [+6268 chars],,de,'Marco Rubio'
https://www.focus.de/politik/ausland/fbi-direktor-kash-patel-hat-kurz-vor-den-angriff-auf-den-iran-us-amerikanische-iran-experten-entlassen_bb59f301-e7bd-4dc5-a638-cd800c86a321.html,https://www.focus.de/politik/ausland/fbi-direktor-kash-patel-hat-kurz-vor-den-angriff-auf-den-iran-us-amerikanische-iran-experten-entlassen_bb59f301-e7bd-4dc5-a638-cd800c86a321.html,0,www.focus.de,FBI-Direktor Kash Patel hat kurz vor den Angriff auf den Iran US-amerikanische Iran-Experten entlassen,"Rund eine Woche vor den Angriffen auf den Iran entließ das FBI zwölf Mitarbeitende, die Iran-Experten gewesen sein sollen.",https://quadro.burda-forward.de/ctf/3f3ca610-5766-4614-9eb3-240cf3fdc976.2f69bc9a-4121-4b78-8b71-bfa567cb6c3a.jpg?im=RegionOfInterestCrop%3D%281200%2C630%29%2CregionOfInterest%3D%282816%2C921%29&hash=f8b6e5b2dbe0bce86f855c5d77777c5ff97787ada873b958a1ab62951c8f83c9,2026-03-03T19:10:00Z,,"Das wurde vom Trump-treuen FBI-Direktor Kash Patel entschieden, berichtet der US-amerikanische Nachrichtensender MS Now.
FBI-Entlassungen kurz vor Iran-Angriff: FBI-Sprecher schweigt
Offiziell will… [+1893 chars]",,de,'Kash Patel'
https://www.focus.de/politik/briefing/minister-als-besserwisser-was-wadephul-sagt-und-was-er-meint_721414db-caac-499c-b2dc-6b0cd70ccc7c.html,https://www.focus.de/politik/briefing/minister-als-besserwisser-was-wadephul-sagt-und-was-er-meint_721414db-caac-499c-b2dc-6b0cd70ccc7c.html,0,www.focus.de,Minister als Besserwisser: Was Wadephul sagt und was er meint,"30.000 deutsche Urlauber sitzen im Nahen Osten fest – Raketen fliegen, Familien harren aus. Doch Johann Wadephul diskutiert über Reisewarnungen. Für die Gestrandeten klingt das wie: selbst schuld.",https://quadro.burda-forward.de/ctf/93c07d60-6fae-4ab6-91f5-6bcca7f080e2.811a2438-c4c7-407b-b9f1-047ef4aef0dc.jpeg?im=RegionOfInterestCrop%3D%281200%2C630%29%2CregionOfInterest%3D%281211%2C346%29&hash=521712a749405132577bf493581255b6f9d3cc47e8dedb8825d276d4e1b0aabe,2026-03-04T05:52:00Z,,"Ich war noch niemals in Dubai. Ich finde auch nicht, dass die Bundesregierung für die Urlaubsplanung der Bürger verantwortlich ist. Doch für ihre Sicherheit schon.
Diese Schutzpflicht gilt auch für … [+2933 chars]",,de,'Caren Miosga'
https://www.nzz.ch/podcast/der-alltag-in-irans-krieg-gesperrtes-internet-und-hoffnung-auf-einen-regimesturz-ld.1927710,https://www.nzz.ch/podcast/der-alltag-in-irans-krieg-gesperrtes-internet-und-hoffnung-auf-einen-regimesturz-ld.1927710,0,www.nzz.ch,PODCAST «NZZ AKZENT» - Der Alltag in Irans Krieg: Gesperrtes Internet und Hoffnung auf einen Regimesturz,"In Iran freuen sich viele über den Tod des Diktators Ayatollah Ali Khamenei. Der gegenwärtige Krieg macht ihnen keine Angst, sondern sie hoffen auf einen Sturz des Regimes. Ganz anders sieht es bei den Regimeanhängern aus.","https://img.nzz.ch/2026/03/04/212cc2c6-f82c-44dd-b92b-001347b6352d.jpg?width=1200&height=674&fit=bounds&quality=75&auto=webp&crop=3000,1687,x0,y1313&wmark=nzz",2026-03-05T04:30:00Z,,"In Iran freuen sich viele über den Tod des Diktators Ayatollah Ali Khamenei. Der gegenwärtige Krieg macht ihnen keine Angst, sondern sie hoffen auf einen Sturz des Regimes. Ganz anders sieht es bei d… [+1845 chars]",,de,'Ali Khamenei'
https://www.nzz.ch/international/militaerstrategen-dan-caine-brad-cooper-eyal-zamir-uebertoelpelten-die-mullahs-ld.1927521,https://www.nzz.ch/international/militaerstrategen-dan-caine-brad-cooper-eyal-zamir-uebertoelpelten-die-mullahs-ld.1927521,0,www.nzz.ch,General Caine und Admiral Cooper sind die Architekten des Schlachtplans für Iran. Zusammen mit dem israelischen Generalleutnant haben sie die Mullahs überlistet,Das israelisch-amerikanische Triumvirat gibt die Marschrichtung im Krieg vor. Mit dem tödlichen Schlag gegen Ayatollah Khamenei bewiesen die Offiziere ihre taktische Verschlagenheit.,"https://img.nzz.ch/2026/03/04/5f59309b-4005-4ee8-9ce8-a9d46f63d4e8.jpg?width=1200&height=675&fit=bounds&quality=75&auto=webp&crop=5616,3159,x0,y0&wmark=nzz",2026-03-05T04:30:00Z,,"Das israelisch-amerikanische Triumvirat gibt die Marschrichtung im Krieg vor. Mit dem tödlichen Schlag gegen Ayatollah Khamenei bewiesen die Offiziere ihre taktische Verschlagenheit.
Zusammenfassung… [+6766 chars]",,de,'nan nan'
https://www.stern.de/lifestyle/leute/jake-gyllenhaal--schwester-maggie-ueberrascht-ihn-mit-botschaft-37195250.html,https://www.stern.de/lifestyle/leute/jake-gyllenhaal--schwester-maggie-ueberrascht-ihn-mit-botschaft-37195250.html,0,www.stern.de,Jake Gyllenhaal: Schwester Maggie überrascht ihn mit Botschaft,"In der ""Late Show"" fand Jake Gyllenhaal eine Notiz seiner Schwester Maggie unter dem Sitzkissen - dahinter steckt ein Geschwister-Ritual.",https://image.stern.de/37195254/t/Gc/v1/w1440/r1.7778/-/05--schwester-maggie-ueberrascht-ihn-mit-botschaft---16-9---spoton-article-1135202.jpg,2026-03-05T15:13:00Z,,"Kopiere den aktuellen Link
Zur Merkliste hinzufügen
In der ""Late Show"" fand Jake Gyllenhaal eine Notiz seiner Schwester Maggie unter dem Sitzkissen - dahinter steckt ein Geschwister-Ritual.
Als Ja… [+2232 chars]",,de,'Stephen Colbert'
https://www.nzz.ch/international/eine-gefahr-fuer-dissidenten-und-die-juedische-gemeinde-iran-entfacht-den-terror-im-ausland-und-nimmt-donald-trump-ins-visier-ld.1927828,https://www.nzz.ch/international/eine-gefahr-fuer-dissidenten-und-die-juedische-gemeinde-iran-entfacht-den-terror-im-ausland-und-nimmt-donald-trump-ins-visier-ld.1927828,0,www.nzz.ch,«Eine Gefahr für Dissidenten und die jüdische Gemeinde» – Iran entfacht den Terror im Ausland und nimmt Donald Trump ins Visier,Seit der Revolution 1979 verübt Iran Anschläge im Ausland. Es setzt dabei auf die Zusammenarbeit mit kriminellen Netzwerken. In den letzten Jahren haben die Planungen stark zugenommen.,"https://img.nzz.ch/2026/03/05/d2eb52dd-fd1a-49d7-bd9f-70849721c691.jpg?width=1200&height=675&fit=bounds&quality=75&auto=webp&crop=5500,3094,x0,y573&wmark=nzz",2026-03-05T16:47:29Z,http://web.archive.org/web/20260305184959/https://www.nzz.ch/international/eine-gefahr-fuer-dissidenten-und-die-juedische-gemeinde-iran-entfacht-den-terror-im-ausland-und-nimmt-donald-trump-ins-visier-ld.1927828,"Seit der Revolution 1979 verübt Iran Anschläge im Ausland. Es setzt dabei auf die Zusammenarbeit mit kriminellen Netzwerken. In den letzten Jahren haben die Planungen stark zugenommen.
Zusammenfassu… [+6109 chars]",,de,'Donald Trump'
