domain,sentiment_mean,sentiment_std,subjectivity_mean,subjectivity_std,counting
www.faz.net,-0.025351388029959458,0.2572630759142035,0.044388785817357244,0.10349473221027584,231.0
www.zeit.de,0.018957922419460878,0.2146949175585439,0.031081525312294547,0.08568173073249774,169.0
www.welt.de,0.07620039682539682,0.2621878253133255,0.03577215608465608,0.08605088730143051,96.0
www.bild.de,0.05033001808318264,0.2772011494605608,0.03618143459915612,0.07821784171158204,79.0
www.n-tv.de,0.043793402777777775,0.23528083943691022,0.04769345238095238,0.10197715086827906,64.0
www.tagesspiegel.de,0.03842075892857142,0.24578612496430727,0.04598214285714285,0.10241203890932865,64.0
www.focus.de,0.014326636904761905,0.1880267035255488,0.023984375,0.06175249081903091,64.0
www.nzz.ch,0.01851826894279724,0.23936720893995217,0.060242587601078174,0.11970681495865221,53.0
www.diepresse.com,-0.006524822695035463,0.16054898261812267,0.04905015197568389,0.08888910008888666,47.0
www.sueddeutsche.de,0.0736031746031746,0.1710501517202597,0.024761904761904763,0.08661630829116866,30.0
www.kino.de,0.11818877551020408,0.26885931150524794,0.09226190476190475,0.13859095027857396,28.0
www.tagesschau.de,0.0562,0.2440825224750387,0.0064,0.03200000000000001,25.0
www.morgenpost.de,-0.007738095238095238,0.2431937443252017,0.027651515151515153,0.0639002593558363,22.0
orf.at,0.008737373737373733,0.29302905202844987,0.032828282828282825,0.08852287559137563,22.0
www.freitag.de,-0.0712875939849624,0.15799341073630743,0.04421052631578947,0.09203355604667512,19.0
www.dw.com,0.0443640350877193,0.17869222110843372,0.01804511278195489,0.05488435693667902,19.0
www.derstandard.at,0.18435185185185185,0.18670442448038535,0.04027777777777777,0.08921635961823039,18.0
taz.de,-0.001282051282051286,0.3125064101906654,0.16666666666666666,0.07414637675021744,13.0
www.golem.de,0.07396978021978022,0.1410299093860741,0.028846153846153848,0.057394769310099535,13.0
post.rlsbb.cc,0.022512210012210015,0.1245020713427006,0.0,0.0,12.0
www.derstandard.de,0.13339285714285715,0.12227222680960544,0.023809523809523808,0.05832118435198043,6.0
www.yahoo.com,0.0,0.0,0.0,0.0,6.0
oe3.orf.at,0.16,0.17264285550104747,0.16666666666666666,0.3726779962499649,5.0
www.brigitte.de,-0.011666666666666665,0.11190273554396345,0.041666666666666664,0.08333333333333333,4.0
www.telepolis.de,-0.16666666666666666,0.2886751345948129,0.0,0.0,3.0
www.whudat.de,-0.125,0.31819805153394637,0.0,0.0,2.0
t3n.de,-0.13571428571428573,0.09091372900969896,0.10714285714285714,0.1515228816828316,2.0
sport.orf.at,0.08333333333333333,0.11785113019775792,0.0,0.0,2.0
www.visions.de,-0.08607142857142858,0.17122085630159975,0.0,0.0,2.0
www.politico.eu,0.0,1.0,0.0,1.0,1.0
www.spektrum.de,0.0,1.0,0.0,1.0,1.0
www.sherdog.com,0.0,1.0,0.0,1.0,1.0
bildblog.de,0.0,1.0,0.0,1.0,1.0
www.perlentaucher.de,0.0,1.0,0.0,1.0,1.0
www.pcgames.de,0.0,1.0,0.0,1.0,1.0
www.mobiflip.de,0.0,1.0,0.0,1.0,1.0
www.maclife.de,0.0,1.0,0.0,1.0,1.0
www.lawblog.de,0.0,1.0,0.0,1.0,1.0
finance.yahoo.com,0.0,1.0,0.0,1.0,1.0
uk.news.yahoo.com,0.0,1.0,0.0,1.0,1.0
salzburg.orf.at,0.0,1.0,0.0,1.0,1.0
laut.de,0.0,1.0,0.0,1.0,1.0
fm4.orf.at,0.0,1.0,0.0,1.0,1.0
www.jungewelt.de,0.0,1.0,0.0,1.0,1.0
