topic,sentiment_mean,sentiment_std,subjectivity_mean,subjectivity_std,counting
Argentinien,-3.395319883251012,1.0,-0.36275557282254817,1.0,1.0
Brasilien,0.010938680417433974,0.353240794111619,-0.3828736770827554,0.060999696637213656,3.0
China,0.9126487150875026,1.0,-0.5518128986190105,1.0,1.0
Deutschland,0.20169976963744343,0.9582649154013619,-0.014016333702879694,0.9216832394020167,174.0
EU,-0.08215142005286818,0.4392455481408974,-0.5316931133991111,0.11712116516301456,4.0
Frankreich,-0.053651287110426056,0.7207059960627861,-0.003486147055467589,1.1041168939732098,74.0
Indien,0.18693763163382932,0.9049220284063103,-0.114825414075308,0.7615266670757838,9.0
Iran,-0.2121686470598547,0.887255531662499,0.054315500150321376,0.9328758781797774,15.0
Israel,-0.2872212991049505,1.0,-0.48037398765041694,1.0,1.0
Italien,0.5351993742035756,1.0,3.315241306880382,1.0,1.0
Kanada,0.08911279308353705,0.3470913458792325,-0.1628787812880185,0.404624596112119,2.0
Kuba,0.19571945119225545,1.0,-0.42889898712110436,1.0,1.0
PuertoRico,-0.43603392072035874,0.9486509288214832,0.29384818693248915,1.6780910099143815,17.0
Russland,-0.513579951253851,1.000306146287802,0.09253558024495535,0.9755783224833858,21.0
Türkei,0.5027083327120807,0.5901147525764632,0.46940623917471164,0.8073073505002665,4.0
UK,0.19612228045824762,0.7907800269826392,-0.1406580464765449,0.7336676630107039,73.0
USA,-0.11334259689553308,1.0362648880702614,0.09240801422091885,1.0668392317002127,239.0
Ukraine,-0.2033445246704688,0.979025248496769,-0.03266279691404353,1.0148945008784795,73.0
Ungarn,1.5977978714770074,1.0,-0.5518128986190105,1.0,1.0
Vatikan,-0.42650645421925654,1.0,-0.5518128986190105,1.0,1.0
unknown,0.03940991191718115,1.0132008304884697,-0.02803603923321823,0.9429163688040498,420.0
