week,sentiment_mean,sentiment_std,subjectivity_mean,subjectivity_std,counting
2026-27,-0.24374444076593016,0.9454992417411524,-0.06389558170672141,0.9686061394443618,153.0
2026-28,0.023561229081576974,1.035063696264301,-0.1078228791301717,0.9265675648486814,173.0
2026-29,-0.13835473564997108,0.9505000600316578,-0.01873965170852814,0.8290447323260187,132.0
2026-30,0.035418733774558786,1.1688819298437743,0.06069118432708541,1.096585463374681,56.0
2026-31,0.10665335456658671,1.0505319817383414,-0.19023760507312706,0.6981496232378582,40.0
2026-32,0.010611739512408926,1.1003077722075532,-0.09555847768368138,0.75104198988674,45.0
2026-33,-0.1121039916948391,0.909764177350732,0.6685749789569113,1.4463687664096245,70.0
2026-34,0.07148846256565505,1.0404311108642348,-0.04885317032061197,0.9866734211742001,109.0
2026-35,-0.008117968611436632,0.9840882692603133,-0.13791809223869833,0.8364089077398479,98.0
2026-36,0.34120253456514255,0.8209903473036027,-0.025931181001047823,0.9090111639016495,100.0
2026-37,0.07890080098883114,0.9035403891700601,-0.15734488226515908,0.7341475197608458,92.0
2026-38,0.038671401232693615,0.7454649851047561,0.3171814985994832,1.2534987315780302,73.0
2026-39,0.15529140984905343,1.232771069039965,0.3671573678312757,1.0837982801413457,17.0
