day,sentiment_mean,sentiment_std,subjectivity_mean,subjectivity_std,counting
2026-06-30,0.46871668971328084,1.0738848199097681,0.5851312547370316,1.865249982137445,10.0
2026-07-01,0.13920494057232913,1.02930264294553,0.11301374490119397,1.6086445106855771,9.0
2026-07-02,-0.18093586571970038,0.9375411187870017,0.06391540356457559,1.1103808276890104,16.0
2026-07-03,-0.09460906223909217,0.6324997071561524,-0.26086558163283957,0.5375640718741628,13.0
2026-07-04,0.039252263040351607,1.0619738872304898,-0.15800605414231123,0.7338732828009327,19.0
2026-07-05,-0.16432520956916274,0.8184634850797619,-0.18784363487875774,0.6474234286611532,15.0
2026-07-06,0.19011985013723753,0.9258577152684719,0.4005694614179428,1.2120703333371616,22.0
2026-07-07,-0.21560212613825167,0.7787333949702203,-0.06944235921542767,1.2241801688550276,49.0
2026-07-08,-0.34448065579788034,0.8824781491118966,-0.009632785905222447,1.025100016955016,42.0
2026-07-09,-0.5012252489648832,1.018693773729596,-0.10258846145327982,0.7405280526149605,23.0
2026-07-10,0.11035429457335003,0.6449181848490145,0.1645720023869684,1.0773864855683213,15.0
2026-07-11,-0.2858559268660436,0.9428122850741549,0.011917322476921507,1.0937845274612783,14.0
2026-07-12,0.08336943789857029,1.2998328770006933,-0.1087697022874899,0.9248875180760214,27.0
2026-07-13,-0.0167789422835943,0.8236537448017811,0.06919696083630107,0.9840778992218636,27.0
2026-07-14,-0.35633569091250816,0.6222257784817978,-0.43601279124218906,0.09084068621949454,9.0
2026-07-15,-0.08989311413769224,1.1268464655153823,-0.3044205882929798,0.36383815082119303,23.0
2026-07-16,0.1274344632489691,1.1936419479238936,-0.1689277089869213,0.8957346088414273,29.0
2026-07-17,0.16118525913126933,0.9003569302015035,-0.02013894311104227,1.0228717141814534,40.0
2026-07-18,0.05470207391161972,1.3237968244583134,-0.12006433247446906,0.814779701608442,25.0
2026-07-19,-0.14185768837914497,0.9923164236777383,-0.15793234663996142,0.803007517858662,20.0
2026-07-20,0.16722193785313375,0.6377510119603312,-0.05667161909053775,0.7290876129044187,39.0
2026-07-21,0.060604759353106934,0.6309388722609658,-0.1264898876570566,0.7673050409469746,16.0
2026-07-22,-0.703717298126322,1.1064683188072524,-0.12706424865682397,0.6498757151594797,18.0
2026-07-23,-0.5761075096262294,1.1771101789265561,0.1533121221889098,0.8533432485465167,16.0
2026-07-24,0.3514693225035028,0.8973661513652531,0.07383761222231522,0.732971853879201,10.0
2026-07-25,-0.33024909027626104,1.003960020511221,0.14445048069433175,1.2597880992244046,17.0
2026-07-26,-0.0716916786258797,1.088522866534478,-0.09440011270186122,0.6096379504259981,16.0
2026-07-27,-0.13123524712970716,0.6501626477879328,-0.06787167341029364,0.8588388309245969,11.0
2026-07-28,0.6996880074127881,0.9425458612665721,0.08775431435988398,0.9112903906145825,8.0
2026-07-29,-0.39480888797253205,1.501852030565978,-0.034792974347956696,0.7683033343849769,10.0
2026-07-30,-0.9939250621327935,1.7329176965901472,0.8119636609818711,1.6613038724267406,3.0
2026-07-31,0.9700547371154324,1.2476793451231947,-0.47138894265611714,0.19007010211986108,3.0
2026-08-01,0.06047678719091273,0.771666164999497,0.045947298820892345,1.0514235222694903,12.0
2026-08-02,0.12015268847159923,1.4092263733768369,0.3207117751317336,1.840920609589976,9.0
2026-08-03,0.2201823767141628,0.9768919099766629,-0.0780389831150743,0.7840185796451158,5.0
2026-08-04,1.0469470356671895,1.0113926273993172,-0.3448129660824424,0.23001064649542166,4.0
2026-08-05,0.00401574918558476,1.3052311710089908,0.16251167411764955,1.4390352739284664,5.0
2026-08-06,-0.7081257264620525,0.7076324106234232,-0.39914820982965565,0.09832756054053128,3.0
2026-08-07,-0.02692654251959617,1.052475241969035,0.16389518560327376,0.9155070085272188,9.0
2026-08-08,0.08935877026306742,1.078073875280516,-0.3989464757628725,0.09554557562383123,10.0
2026-08-09,0.417370216721274,0.9967728022585287,-0.4495391953976351,0.0676445490840964,4.0
2026-08-10,-0.21169252657977802,0.967983704966086,-0.07908037724695338,0.503632190431883,4.0
2026-08-11,-0.32740621843668777,0.5852618845823759,0.28958109963576795,0.8296339605795782,6.0
2026-08-12,-0.09085424551723346,1.3547022828198232,-0.4791730766864414,0.05927563576777391,4.0
2026-08-13,0.4127579102691398,0.9658975398307824,0.22242202954261917,1.1625136012238102,12.0
2026-08-14,-0.08471559006105789,0.9190448842506057,-0.22369775800402528,0.5121478127277677,10.0
2026-08-15,0.3179476777660085,2.3706412424951337,-0.33912888437147937,0.08413355133120669,5.0
2026-08-16,-0.27373363618886676,0.4272760198471341,-0.4629430984164258,0.06745369552630749,4.0
2026-08-17,-0.926740786510957,0.7083121703108312,0.2061051247107669,1.0201335533297082,6.0
2026-08-18,-0.5685165285361952,0.8498861235004626,1.333212836559939,1.8179071682166295,14.0
2026-08-19,-0.03745162458228446,0.8254085532726926,-0.006980329107086353,0.7578223631794332,10.0
2026-08-20,0.6036847954988666,0.8098529492228689,0.775522822194463,1.3209983631562963,8.0
2026-08-21,-0.09190639597481656,0.9016316742130128,0.3322067611998808,1.047298806099206,23.0
2026-08-22,0.6180140165473674,0.6302836381772091,1.3219010115407366,1.7653240367428191,6.0
2026-08-23,0.18583143117188547,0.9660539870149552,0.20275485154187034,1.1266347681354418,3.0
2026-08-24,0.5465300004236833,0.8150962117606505,0.5070407842829655,1.4909765072468815,7.0
2026-08-25,0.6424254102759652,0.7788369346144304,-0.280310611395198,0.27161870617234773,5.0
2026-08-26,0.08234225148788583,0.8877520424495717,0.19301324154989644,1.2619181941011692,21.0
2026-08-27,0.05510012915812417,1.1353138123222168,0.08569066724169352,0.9704148230291622,14.0
2026-08-28,-0.26004975594205865,0.9982721929014465,-0.19329820264711994,0.473547244203139,11.0
2026-08-29,0.060569079269917066,1.2507832065463007,-0.36589822687093587,0.12729902204354218,11.0
2026-08-30,0.09705365809586058,1.168568845239011,1.7990986981393151,3.1322115412361566,4.0
2026-08-31,-0.19224288896950473,0.9502852063141125,-0.25119240291245787,0.5187623544887275,16.0
2026-09-01,-0.02831645026483319,0.893226424654292,0.13055908893859178,1.5347946049622325,17.0
2026-09-02,-0.3638078473176261,0.9373675362983267,-0.4152489081187373,0.06895891813430872,9.0
2026-09-03,-0.2847181332455866,0.6908087795648514,-0.4131309696979641,0.053743058149271675,6.0
2026-09-04,0.15079272184311035,1.7985795911618512,0.0796242297887994,0.8511277897454786,8.0
2026-09-05,-0.04763431080521774,0.999641796365367,-0.43185931123526755,0.08116239584522829,5.0
2026-09-06,0.5037605050226789,0.923463164149403,0.020227269002109634,0.8707899904897844,13.0
2026-09-07,0.2830236497525555,0.7070539211906328,-0.042672351138127236,1.095249374214435,14.0
2026-09-08,-0.17854727036370513,0.07565993047507524,0.6433778088761112,1.4670857611657662,5.0
2026-09-09,0.3837952158996745,0.6845656685174424,-0.31071786919483446,0.38563463391846914,18.0
2026-09-10,0.4701912923400007,0.962792573721332,0.016411166302555364,0.9238681283067359,27.0
2026-09-11,0.36049050250827613,0.9515954471649914,-0.03427807040400983,0.8115756253941667,12.0
2026-09-12,0.38122231418836544,1.0701927335946773,-0.42470454666283664,0.049088631376646735,7.0
2026-09-13,0.48595534531442075,0.7908787337717119,0.18170402941358071,1.1506281835411227,8.0
2026-09-14,-0.3564878758322596,0.9368458144904083,-0.012435999731173231,0.8579266324322857,5.0
2026-09-15,0.24207101429039724,0.948313553112332,-0.24328306936228558,0.4831956694741027,9.0
2026-09-16,0.3751837971853998,0.9159999914088379,-0.09589133149220727,0.8298118849152701,16.0
2026-09-17,-0.4473923903382335,0.8861009057186306,-0.45608890202548147,0.09866451141895019,9.0
2026-09-18,-0.06653020294503209,0.9860093086737453,-0.43592738048160673,0.025614556143500805,10.0
2026-09-19,0.733372182099393,0.897784518795634,1.1874764687694221,0.4470188351255524,2.0
2026-09-20,0.04968488853608783,0.6953573827421947,-0.33540714995647747,0.39978985307268794,18.0
2026-09-21,-0.0030144019006452037,0.8521374100884569,0.05596354378155883,0.943268267208088,26.0
2026-09-22,0.4455934632873808,0.7268519922350062,1.3088811520941144,2.1290035890138443,9.0
2026-09-23,0.3488882172943922,0.6058711826537198,0.8113082055877135,1.5516590048886307,2.0
2026-09-24,-0.8479760969372783,1.0,-0.4489915770337658,1.0,1.0
