keyword,sentiment_mean,sentiment_std,subjectivity_mean,subjectivity_std,counting
'Abu Dhabi',-1.3888134121050855,1.6384560949027502,-0.333843816849505,0.18928374102835058,2.0
'Adam Driver',-1.087153169081685,0.35200094481300986,0.20201475409664738,1.335130689316998,3.0
'Ali Chamenei',0.514182424341705,0.4093670093248439,-0.417034125999694,0.1167312538399233,4.0
'Ali Khamenei',0.10038537997238027,1.0969525097723851,-0.11720544864525989,0.7742919982516245,9.0
'Andrea Berg',1.3002823999550581,0.3882376646123734,-0.41312106080962,0.03830503906178576,6.0
'Andy Burnham',0.05333134039576079,0.8072315960751205,-0.29922225516373024,0.40334517898321187,26.0
'Axel Springer',0.6657732489834957,1.3525624866712145,-0.43914098818826613,0.033137379010010924,2.0
'Ayatollah Ali Chamenei',-0.8937446406936904,0.6554072629074156,0.5789703029031168,1.498139062923312,2.0
'Ayatollah Chamenei',-0.3835300135419178,0.9209433292875089,0.14721426671637372,1.0235615282357344,9.0
'Bad Bunny',-0.43603392072035874,0.9486509288214832,0.29384818693248915,1.6780910099143815,17.0
'Barbara Schöneberger',0.5399327607698535,1.0,-0.4625726535969936,1.0,1.0
'Bernie Sanders',-0.1861324657060348,1.0,-0.46768763369901,1.0,1.0
'Bill Clinton',0.9056075675350848,1.0,-0.43272931018220684,1.0,1.0
'Boris Palmer',-0.29520351278731893,0.19641398612445876,-0.4557821153153797,0.009603271333672085,2.0
'Boris Pistorius',1.2036342372058038,1.827073299199192,-0.39582727997182626,0.046770456781340335,2.0
'Brooklyn Beckham',-0.47623322548801356,1.3178743418493706,-0.4254839590064634,0.05245133490064147,2.0
'Bärbel Bas',-0.45591251805696326,0.8981706253102375,0.034390758843797456,1.252526713546521,13.0
'Callum Turner',0.32348344186637396,1.0,-0.4625726535969936,1.0,1.0
'Caren Miosga',-0.8246012055175644,1.0,-0.41570932277953865,1.0,1.0
'Charles III',0.25841208181419567,0.3206518094129409,-0.3713021366870099,0.014803082843379847,3.0
'Charlie Kirk',-0.19263098563091438,0.20167357510700043,-0.1946321223465779,0.33560760669830997,3.0
'Christian Bale',0.3380351175000112,0.741284905126318,-0.5667007046060801,0.1400256277289875,2.0
'Christopher Nolan',-0.11123570846055507,0.9889849061458166,0.7580440975047212,1.6132723549660504,12.0
'Conor McGregor',-1.0307839554422373,0.30816911796502205,1.1329707149888422,2.263672745440083,2.0
'Daniel Freund',-0.08215142005286818,0.4392455481408974,-0.5316931133991111,0.11712116516301456,4.0
'Daniel Siad',-0.9577386643527793,0.8964773536924913,-0.03111903505505345,0.6848816596197047,10.0
'David Beckham',-0.07619469275445348,1.0,-0.3883952644159332,1.0,1.0
'Delcy Rodriguez',-1.2050850410255118,1.0,-0.5518128986190105,1.0,1.0
'Delcy Rodríguez',-1.1217838488903378,1.0,-0.5032511108234439,1.0,1.0
'Donald Trump',-0.09506606463440627,0.9554698027223126,0.055681612682408156,0.9509065347332551,133.0
'Dua Lipa',0.3892742853723015,0.6004221463583604,-0.3148183217734625,0.36516792197644904,7.0
'Elon Musk',0.32476876185280723,1.1717070687875575,-0.10632493735182853,0.6660718032315371,4.0
'Emmanuel Macron',-0.2482706567332799,1.0,-0.32878426183937676,1.0,1.0
'Epstein Files',-1.8091936579466155,1.0,0.0,1.0,1.0
'Eric Dane',0.6573977318487483,1.0,-0.4489915770337658,1.0,1.0
'Frank-Ronald Bischoff',0.05586758095649316,0.32751540125034273,-0.3971344196720451,0.036623378460214386,4.0
'Frank-Walter Steinmeier',-0.1784870274938331,1.1898755606005045,-0.3892324478010434,0.0374439556838448,2.0
'Friedrich Merz',0.11714343312735498,0.8502156669434896,0.22396877781269411,1.070325729668737,17.0
'Giorgia Meloni',0.5351993742035756,1.0,3.315241306880382,1.0,1.0
'Graham Platner',0.5017505375923228,0.9728134725904738,0.4314360311266677,1.2715528810470742,2.0
'HBO Max',0.782884652725896,0.9536248815119914,0.1305821416974247,0.9442475174222326,7.0
'Heidi Klum',-0.18156496890841145,1.0,-0.4625726535969936,1.0,1.0
'Helene Fischer',0.7715192788176304,1.1240034871748774,-0.25969576773248915,0.568747170309469,25.0
'Herbert Diess',0.09854266081469877,1.0,-0.42889898712110436,1.0,1.0
'Howard Stern',-2.9920161648302566,1.0,,1.0,1.0
'Itamar Ben-Gvir',-0.2872212991049505,1.0,-0.48037398765041694,1.0,1.0
'JD Vance',0.026523704862286522,1.0013605756770478,0.03966144708506214,0.9526206601050917,5.0
'Jack White',0.4641460589550346,1.656401651496232,-0.46768763369901,1.0,2.0
'Jacob Elordi',0.6573977318487483,1.0,-0.4489915770337658,1.0,1.0
'Jair Bolsonaro',0.010938680417433974,0.353240794111619,-0.3828736770827554,0.060999696637213656,3.0
'James Bond',-0.25534074939507284,0.6511569402858741,-0.5231496613646279,0.1438978291830309,9.0
'Jan Böhmermann',0.41328305691047357,1.0,1.5039038259868855,1.0,1.0
'Jared Kushner',0.08081640297271804,1.0351569776001526,-0.4197807312142208,0.05305696271963685,4.0
'Javier Milei',-3.395319883251012,1.0,-0.36275557282254817,1.0,1.0
'Jean-Luc Mélenchon',0.04064069786449674,1.0,-0.5518128986190105,1.0,1.0
'Jeffrey Epstein',-1.0120193915263054,1.0727708106404514,-0.39527124100283667,0.14089484471408226,11.0
'Jens Spahn',0.5382121661571589,0.9668970689094969,-0.40660463665833685,0.015769778948888754,3.0
'Jessica Biel',-0.005661358109621277,1.0,-0.6657137755131503,1.0,1.0
'Jimmy Fallon',-0.15064282148729746,0.8856390969934638,-0.47498474410140235,0.16540911046434853,3.0
'Joe Biden',1.8452405354689607,1.0,-0.41570932277953865,1.0,1.0
'Joey Kelly',0.0,1.0,0.0,1.0,1.0
'Johann Wadephul',0.34504374767653234,1.0,-0.41570932277953865,1.0,1.0
'John Paul II',-0.42650645421925654,1.0,-0.5518128986190105,1.0,1.0
'Jon Ossoff',-0.5838543886781465,0.5824035864985575,-0.45063838842217024,0.001426180497599764,3.0
'Jordan Bardella',0.06537490648700128,0.5953372251965638,-0.41063582080364486,0.08058706677295174,6.0
'Josh Hokit',-1.119512017490156,1.0,-0.4625726535969936,1.0,1.0
'Julia Koch',-0.08830168238282285,1.0,-0.36275557282254817,1.0,1.0
'Justin Bieber',-0.1563178512788337,1.0,-0.4489915770337658,1.0,1.0
'Kai Wegner',0.09854266081469877,1.0,-0.42889898712110436,1.0,1.0
'Kaitlan Collins',-0.002821723364620013,0.06146514555578924,-0.5071927761080021,0.06310238240981718,2.0
'Kamala Harris',-0.8937866798174419,1.0,-0.48037398765041694,1.0,1.0
'Kanye West',-0.4205292270523685,2.0144961943283453,-0.44829331041005716,0.027427715028285473,2.0
'Karoline Leavitt',0.4084516348669855,0.6428658842638079,-0.023962171483089434,0.8036671361041267,4.0
'Katherina Reiche',0.7117542152101165,1.0,-0.5032511108234439,1.0,1.0
'Katy Perry',-1.5251340486395923,1.9000936145409741,-0.4557821153153797,0.009603271333672085,2.0
'Keir Starmer',0.6710460900403135,0.8915278554081699,-0.5097502661590103,0.059485545294047176,2.0
'Ken Paxton',0.04064069786449674,1.0,1.6981817553937482,1.0,1.0
'Kerstin Ott',-0.039380844576620326,0.9775113018032964,-0.4263364556901328,0.0416044372300081,7.0
'King Charles III',0.6639155045352024,1.0,-0.46768763369901,1.0,1.0
'König Charles III',0.150047906189339,0.7361449251661163,-0.205852178785648,0.5537905302765846,35.0
'Lady Di',-0.6788716622057546,1.0,-0.42889898712110436,1.0,1.0
'Larry Page',-0.2302499967229212,1.0,4.799999999999999,1.0,1.0
'Le Pen',0.07193736519910185,0.7638556965316378,0.29209583958248636,1.4200729179675036,26.0
'Leif-Erik Holm',0.11098043210937313,0.658695631835303,-0.1884537557157381,0.7814409520463058,14.0
'Leonardo DiCaprio',-0.8735254169252997,1.0,1.7394456715021023,1.0,1.0
'Le Pen',-0.20758861239650514,0.7623778846005386,-0.2854566355623522,0.7859529202025086,24.0
'Lindsey Graham',0.4623689882332518,2.054808515351372,-0.41319487267939203,0.04757739600239992,5.0
'Lisa Müller',0.7389459999049774,1.0,-0.2858803988582075,1.0,1.0
'Liveblog Irankrieg',-0.2845408438449748,1.1157910992453106,-0.09340150352285508,0.889886352036781,36.0
'Liveblog USA',-0.121068416872969,1.1977723501956554,0.13315797363643328,1.154715539851996,51.0
'Liveblog Ukrainekrieg',-0.41973355453227,0.9727489922675153,0.5104939669539936,1.9970620450719205,12.0
'Logan Paul',-0.18156496890841145,1.0,-0.4625726535969936,1.0,1.0
'Maite Kelly',0.331492477412923,0.8621962298676538,0.279590730839495,1.6561467829332437,8.0
'Manuela Schwesig',0.2192561866389449,0.7929287935019543,0.03200716215431445,0.9245042333802399,43.0
'Marco Rubio',1.5061024351754586,1.0,1.3305596959523454,1.0,1.0
'Maria Sacharowa',-0.1693787935278717,0.8265945155364054,-0.12005459001543162,0.6759816724095316,4.0
'Marine Le Pen',-0.05896581329534,0.6655919967717393,0.11216111724774497,1.0839399161054462,17.0
'Mario Adorf',0.2822550001704732,1.0,-0.4625726535969936,1.0,1.0
'Mark Carney',0.3345434374459078,1.0,0.1232340144577288,1.0,1.0
'Mark Zuckerberg',-0.6808161560774099,0.9199001926404179,-0.04794621624112701,0.7157471390498397,5.0
'Markus Lanz',0.5962084120435484,0.910353303496322,0.08599826336825737,1.1669453624687487,8.0
'María Corina Machado',-1.2050850410255118,1.0,-0.5518128986190105,1.0,1.0
'Matt Damon',-0.7407257094090667,1.0,-0.4625726535969936,1.0,1.0
'Maybrit Illner',-0.2906328573202594,1.0,-0.41570932277953865,1.0,1.0
'Melania Trump',0.570575700331525,0.5390047410951696,0.09380315778339487,1.0507278362432673,4.0
'Merab Dvalishvili',-1.5944980228616803,1.0,0.6028279188275689,1.0,1.0
'Merrick Garland',0.3821815505237057,1.0,-0.5032511108234439,1.0,1.0
'Michael Mann',-0.5739119022418468,0.1899550652010376,-0.4328568877565751,0.3293093687573381,2.0
'Miguel Díaz-Canel',0.19571945119225545,1.0,-0.42889898712110436,1.0,1.0
'Mojib Latif',-0.2906328573202594,1.0,1.5211291212314388,1.0,1.0
'Mojtaba Khamenei',-0.1426117483404354,0.5130736254260825,-0.5133253905754577,0.04165908600305695,9.0
'Narendra Modi',0.18693763163382932,0.9049220284063103,-0.114825414075308,0.7615266670757838,9.0
'Natalie Harp',0.16476654781960012,0.9371064014244939,0.24834938131333623,1.183011169639008,39.0
'Nina Warken',-0.08830168238282285,0.0,-0.36275557282254817,0.0,2.0
'Oliver Blume',-0.9303067725760499,0.17232057704095458,-0.5032511108234439,0.0,2.0
'Papst Leo',0.26513144431908164,1.0,-0.42889898712110436,1.0,1.0
'Paul McCartney',-0.2302499967229212,1.0,-0.19999999999999996,1.0,1.0
'Paul Ronzheimer',-0.19977253704828193,0.7054745686081373,1.179334847618755,1.2532273580488307,9.0
'Pete Hegseth',0.10684081017031422,0.9809627369079867,0.48126864902789573,1.8553344381722454,10.0
'Phillipp-Anders Rau',-0.18156496890841145,1.0,-0.4625726535969936,1.0,1.0
'Prince Philip',0.4,1.0,0.0,1.0,1.0
'Prinz Andrew',1.47111331497633,1.0,-0.4489915770337658,1.0,1.0
'Prinz George',-0.39533110760619944,0.2971902202019136,0.21201476819269302,0.9525403183668627,3.0
'Prinz Harry',-0.2848846476351074,0.4777989446490186,-0.4170655423874911,0.03584641898818861,4.0
'Prinz William',0.2225588078542682,0.9984959436377518,-0.41312106080962,0.042826335611468876,3.0
'Prinzessin Kate',0.8828267307140055,1.3675359074782178,0.2341035785453685,1.3843132177459119,4.0
'Putin',-0.6911105917449951,1.1248076750526699,0.013753081582339158,1.0131673952619893,14.0
'Péter Magyar',0.299116445064643,0.6848609948931755,0.9176803580582072,1.260274751576243,5.0
'Recep Tayyip Erdoğan',0.5027083327120807,0.5901147525764632,0.46940623917471164,0.8073073505002665,4.0
'Richard Feynman',-0.8686239031414259,1.2284197044240581,-0.22573089705818622,0.31923169606633195,2.0
'Ro Khanna',0.5156895403233532,0.7943532053199828,0.2441652570667113,1.1311454817179327,4.0
'Robert De Niro',-0.43959338751746047,1.0,-0.6657137755131503,1.0,1.0
'Robert Downey Jr',-0.43959338751746047,1.0,-0.6657137755131503,1.0,1.0
'Robert Oppenheimer',0.38591800341849836,1.3222746308418711,-0.16290283666109984,0.8081303911395773,9.0
'Rosie ODonnell',-1.3585695537148694,1.0,-0.41570932277953865,1.0,1.0
'Sahra Wagenknecht',0.3991568266311731,1.3913065300084064,-0.4064006104827578,0.0578892319430599,5.0
'Sam H',0.7042283559572111,0.8261311913066817,-0.39749995053713505,0.015769778948888768,4.0
'Sarah Ferguson',0.6639155045352026,1.0,-0.46768763369901,1.0,1.0
'Savannah Guthrie',0.4427309832993093,0.2825919409541088,0.7803946808983292,1.1089040737139835,3.0
'Selenski',-0.43030172065294237,1.0,-0.2858803988582075,1.0,1.0
'Selenskyj',-0.21935989069771222,0.9925349021127241,-0.019524675599373487,1.0456875114369106,68.0
'Sergey Brin',0.4569350433602715,0.5465841822659865,-0.08231568229617814,0.6841377381382606,3.0
'Simon Lansmann',-0.9974640845438436,1.0,1.3231826463916216,1.0,1.0
'Susan Collins',-0.030815739549227457,1.3838046823288925,-0.0902851293142273,0.9848797587642615,7.0
'Sven Schulze',0.0548247157713874,0.9654002780652134,-0.2271756034498098,0.5391085989438347,6.0
'Sydney Sweeney',-0.43030172065294237,1.0,-0.2858803988582075,1.0,1.0
'Taylor Swift',-0.07834834276727029,0.9650809701169695,1.0819714233888602,1.3077897787877397,4.0
'Thomas Müller',0.11666666666666665,1.0,0.0,1.0,1.0
'Tim Walz',-0.7070248700655508,0.8055265784432196,-0.5283324484471392,0.15514871761366608,3.0
'Tino Chrupalla',0.2571678512101604,0.7355833683158657,-0.3892324478010434,0.0374439556838448,2.0
'Todd Blanche',0.254321709066956,1.079649596863551,-0.36889431584961574,0.11050345185525036,6.0
'Tom Brady',-0.8128754823768931,1.0,0.6028279188275689,1.0,1.0
'Tom Kaulitz',2.736198399634094,1.0,-0.42889898712110436,1.0,1.0
'Travis Kelce',0.05244648825303775,0.2228130614506393,1.7443311160831694,1.9156644309588609,3.0
'Ulf Poschardt',-0.47240570741950655,1.1885593641374914,0.3119504172947217,0.9490801782722731,7.0
'Ulrich Siegmund',0.44383714186424006,0.9858375986267967,-0.12298096740860372,0.8242772804996242,66.0
'Vanessa Mai',-0.8832621463416865,1.8671719549299635,-0.3883952644159332,1.0,2.0
'Victoria Beckham',0.37945785345664024,1.07630919236649,0.8507986546638643,1.506817781029641,6.0
'Viktor Orbán',1.5977978714770074,1.0,-0.5518128986190105,1.0,1.0
'Virginia Giuffre',-1.4348507463144842,1.0,-0.41570932277953865,1.0,1.0
'Wladimir Putin',-0.14403850592981823,0.3083440341497516,0.7436408010176803,1.179007100094913,3.0
'Wolfgang Grupp',-0.08830168238282285,1.0,-0.36275557282254817,1.0,1.0
'Wolfram Weimer',1.2400521658583714,1.0,1.363429594554528,1.0,1.0
'Wolodimir Selenski',-1.1217838488903378,1.0,0.5409667980999211,1.0,1.0
'Wolodymyr Selenskyj',0.5414692786811638,0.4643146676980393,-0.43726421106983143,0.03733416167025851,3.0
'Xi Jinping',0.9126487150875026,1.0,-0.5518128986190105,1.0,1.0
'Zohran Mamdani',-0.07736343263058537,1.0,1.1674975434539403,1.0,1.0
'nan Si',-0.08830168238282285,1.0,-0.36275557282254817,1.0,1.0
'nan nan',0.1912921585407512,0.9333445920776213,0.01746184191010584,0.8442444735782687,33.0
