,phrase,label,sentiment,subjectivity,language,count
USA,USA,LOC,-0.005328798185941034,0.08616780045351473,de,147
US-Präsident,US-Präsident,LOC,-0.007545931758530183,0.04461942257217847,de,127
Iran,Iran,LOC,-0.16391184573002754,0.045454545454545456,de,121
Sachsen-Anhalt,Sachsen-Anhalt,LOC,0.1006465517241379,0.0603448275862069,de,116
Mecklenburg-Vorpommern,Mecklenburg-Vorpommern,LOC,0.09799999999999999,0.0,de,75
Ukraine,Ukraine,LOC,-0.0039215686274509925,0.08823529411764706,de,51
Marine Le Pen,Marine Le Pen,LOC,-0.05,0.0,de,45
Russland,Russland,LOC,-0.17763157894736842,0.039473684210526314,de,38
Washington,Washington,LOC,-0.006756756756756757,0.013513513513513514,de,37
den USA,den USA,LOC,-0.029629629629629624,0.15740740740740738,de,36
Großbritannien,Großbritannien,LOC,0.015277777777777776,0.0,de,36
New York,New York,LOC,-0.09999999999999998,0.03125,de,32
Deutschland,Deutschland,LOC,0.09193548387096773,0.06451612903225806,de,31
Berlin,Berlin,LOC,0.010000000000000002,0.03333333333333333,de,30
Landtagswahl,Landtagswahl,LOC,0.21551724137931033,0.06896551724137931,de,29
US-Präsidenten,US-Präsidenten,LOC,-0.03148148148148148,0.1111111111111111,de,27
Kiew,Kiew,LOC,-0.09814814814814815,0.05555555555555555,de,27
Frankreich,Frankreich,LOC,-0.02692307692307692,0.0,de,26
Straße von Hormus,Straße von Hormus,LOC,0.05399999999999999,0.0,de,25
Kanada,Kanada,LOC,-0.05797101449275362,0.05072463768115942,de,23
Europa,Europa,LOC,-0.1925,0.06666666666666667,de,20
Tennessee,Tennessee,LOC,0.06842105263157895,0.0,de,19
Kalifornien,Kalifornien,LOC,0.01578947368421053,0.0,de,19
Moskau,Moskau,LOC,-0.06052631578947368,0.10526315789473684,de,19
London,London,LOC,-0.1264705882352941,0.0,de,17
…,…,LOC,-0.0029411764705882314,0.029411764705882353,de,17
Nashville,Nashville,LOC,0.1875,0.0,de,16
Paris,Paris,LOC,-0.321875,0.0625,de,16
Mailand,Mailand,LOC,0.04666666666666666,0.0,de,15
Privacy Center,Privacy Center,LOC,0.0,0.0,de,14
Israel,Israel,LOC,0.11964285714285713,0.07142857142857142,de,14
Bad Bunny,Bad Bunny,LOC,0.0,0.0,de,13
Reuters,Reuters,LOC,0.0,0.0,de,13
China,China,LOC,0.008974358974358968,0.07692307692307693,de,13
Pariser,Pariser,LOC,-0.02307692307692308,0.0,de,13
Weißen Haus,Weißen Haus,LOC,-0.0375,0.0,de,12
Pentagon,Pentagon,LOC,0.12727272727272726,0.2727272727272727,de,11
Weiße Haus,Weiße Haus,LOC,-0.1409090909090909,0.0,de,11
US-Regierung,US-Regierung,LOC,0.06363636363636363,0.09090909090909091,de,11
Irans,Irans,LOC,0.09090909090909091,0.09090909090909091,de,11
U.S.,U.S.,LOC,0.0,0.0,de,11
Ankara,Ankara,LOC,-0.22727272727272727,0.045454545454545456,de,11
Selenskyj,Selenskyj,LOC,0.12727272727272726,0.0,de,11
Teheran,Teheran,LOC,-0.215,0.0,de,10
Meghan,Meghan,LOC,-0.4,0.0,de,10
Trump,Trump,LOC,0.13999999999999999,0.0,de,10
Kennedy Center,Kennedy Center,LOC,-0.42000000000000004,0.05,de,10
Russlands,Russlands,LOC,0.0,0.0,de,10
Europas,Europas,LOC,-0.016666666666666656,0.027777777777777776,de,9
US-Sexualstraftäter,US-Sexualstraftäter,LOC,0.1111111111111111,0.0,de,9
Maine,Maine,LOC,0.1111111111111111,0.0,de,9
Schweiz,Schweiz,LOC,-0.36851851851851847,0.0,de,9
Manchester,Manchester,LOC,0.0,0.0,de,8
Vereinigten Königreichs,Vereinigten Königreichs,LOC,0.0,0.0,de,8
Wimbledon,Wimbledon,LOC,0.0875,0.0,de,8
Kuwait,Kuwait,LOC,-0.675,0.0,de,8
US-Senator,US-Senator,LOC,-0.11874999999999998,0.0625,de,8
Venezuela,Venezuela,LOC,-0.037500000000000006,0.0,de,8
Fußfessel,Fußfessel,LOC,0.0,0.0,de,8
Wien,Wien,LOC,0.125,0.0,de,8
Türkei,Türkei,LOC,-0.29375,0.1875,de,8
Bund,Bund,LOC,0.24285714285714285,0.2857142857142857,de,7
Greater Manchester,Greater Manchester,LOC,0.0,0.0,de,7
US-Sängerin,US-Sängerin,LOC,0.09999999999999999,0.0,de,7
Vereinigten Staaten,Vereinigten Staaten,LOC,0.19999999999999998,0.0,de,7
Hollywood,Hollywood,LOC,0.0,0.2857142857142857,de,7
Le Pen,Le Pen,LOC,0.0,0.0,de,7
Country-Ikone,Country-Ikone,LOC,0.0,0.0,de,7
Unionsfraktionschef,Unionsfraktionschef,LOC,0.39999999999999997,0.0,de,7
Texas,Texas,LOC,-0.16666666666666666,0.0,de,6
Ungarn,Ungarn,LOC,0.2833333333333333,0.3333333333333333,de,6
Ontariosee,Ontariosee,LOC,0.0,0.0,de,6
Briten,Briten,LOC,0.09166666666666666,0.16666666666666666,de,6
Landes,Landes,LOC,0.0,0.0,de,6
US-Justiz,US-Justiz,LOC,-0.3333333333333333,0.0,de,6
Leipzig,Leipzig,LOC,-0.14166666666666666,0.0,de,6
Trumps,Trumps,LOC,-0.39999999999999997,0.0,de,6
Bayern,Bayern,LOC,0.0,0.0,de,6
Indien,Indien,LOC,0.0,0.0,de,6
Flughafen Nashville,Flughafen Nashville,LOC,0.0,0.0,de,6
Labour-Chef,Labour-Chef,LOC,-0.16666666666666666,0.0,de,6
Großbritanniens,Großbritanniens,LOC,0.11666666666666665,0.0,de,6
AfD-Politiker,AfD-Politiker,LOC,0.13999999999999999,0.0,de,5
Tennessees,Tennessees,LOC,0.6,0.0,de,5
Unternehmen-Liveblog,Unternehmen-Liveblog,LOC,0.13999999999999999,0.0,de,5
Landtag,Landtag,LOC,0.0,0.0,de,5
Albanien,Albanien,LOC,0.07999999999999999,0.0,de,5
Amerika,Amerika,LOC,0.24333333333333332,0.4,de,5
England,England,LOC,0.0,0.2,de,5
Deutschlands,Deutschlands,LOC,0.0,0.0,de,5
Élysée-Palast,Élysée-Palast,LOC,0.26,0.0,de,5
Frankreichs,Frankreichs,LOC,-0.13999999999999999,0.0,de,5
Los Angeles,Los Angeles,LOC,0.4,0.2,de,5
München,München,LOC,0.5599999999999999,0.0,de,5
Amerikaner,Amerikaner,LOC,0.6,0.0,de,5
Grönland,Grönland,LOC,0.27999999999999997,0.0,de,5
Downing Street,Downing Street,LOC,-0.2,0.0,de,5
Frankfurt,Frankfurt,LOC,0.26,0.0,de,5
Schwerin,Schwerin,LOC,0.6,0.0,de,4
Japan,Japan,LOC,0.175,0.25,de,4
Dolly-Parton-Tag,Dolly-Parton-Tag,LOC,0.0,0.0,de,4
Union,Union,LOC,0.0,0.0,de,4
Jemen,Jemen,LOC,-0.55,0.0,de,4
Roten Meer,Roten Meer,LOC,-0.3,0.0,de,4
US-Senators,US-Senators,LOC,0.85,0.0,de,4
Bundesrepublik,Bundesrepublik,LOC,-0.25,0.0,de,4
Landtagswahl in Sachsen-Anhalt,Landtagswahl in Sachsen-Anhalt,LOC,0.25,0.0,de,4
Stadt,Stadt,LOC,0.175,0.0,de,4
Magdeburg,Magdeburg,LOC,-0.425,0.0,de,4
Flughafen Leipzig/Halle,Flughafen Leipzig/Halle,LOC,-0.0875,0.125,de,4
Aug 31,Aug 31,LOC,0.0,0.0,de,4
Amerikasee,Amerikasee,LOC,0.0,0.0,de,4
Brandenburger Tor,Brandenburger Tor,LOC,0.0,0.0,de,4
Delhi,Delhi,LOC,0.0,0.0,de,4
Chinas,Chinas,LOC,0.4625,0.0,de,4
Islamischen Republik,Islamischen Republik,LOC,0.325,0.0,de,4
Indiens,Indiens,LOC,0.6375,0.0,de,4
US-Bundesstaat,US-Bundesstaat,LOC,-0.425,0.0,de,4
Burnham,Burnham,LOC,-0.175,0.0,de,4
Dallas,Dallas,LOC,-0.07500000000000001,0.0,de,4
Landtag von Sachsen-Anhalt,Landtag von Sachsen-Anhalt,LOC,0.0,0.0,de,4
MV,MV,LOC,-0.15000000000000002,0.0,de,4
Landtagswahlen,Landtagswahlen,LOC,0.175,0.25,de,4
Stasi-Offizier,Stasi-Offizier,LOC,0.0,0.0,de,3
AfD-Spitzenkandidaten,AfD-Spitzenkandidaten,LOC,-0.05000000000000001,0.0,de,3
Basij-Miliz,Basij-Miliz,LOC,0.0,0.0,de,3
Pasewalk,Pasewalk,LOC,-0.2333333333333333,0.0,de,3
Salzburg,Salzburg,LOC,0.0,0.0,de,3
Schwarzen Meer,Schwarzen Meer,LOC,0.2333333333333333,0.0,de,3
Zürich,Zürich,LOC,0.3333333333333333,0.0,de,3
D…,D…,LOC,0.2333333333333333,0.0,de,3
Oval Office,Oval Office,LOC,0.3333333333333333,0.0,de,3
Liveblog Iran,Liveblog Iran,LOC,0.016666666666666646,0.0,de,3
Amt,Amt,LOC,-0.4666666666666666,0.0,de,3
Sachsen-Anhalts,Sachsen-Anhalts,LOC,-0.2333333333333333,0.0,de,3
Georgia,Georgia,LOC,-0.3333333333333333,0.0,de,3
Steuer,Steuer,LOC,0.0,0.0,de,3
New Mexico,New Mexico,LOC,-0.5666666666666667,0.0,de,3
Flughafen,Flughafen,LOC,0.6666666666666666,0.0,de,3
Justizminister,Justizminister,LOC,0.0,0.0,de,3
Weisse Haus,Weisse Haus,LOC,-0.4666666666666666,0.0,de,3
Hagelkörnern,Hagelkörnern,LOC,-0.3833333333333333,0.0,de,3
Bad Bunny-Konzert,Bad Bunny-Konzert,LOC,0.0,0.0,de,3
Nanterre,Nanterre,LOC,0.0,0.0,de,3
Insidern,Insidern,LOC,1.0,0.0,de,3
Insiderkreisen,Insiderkreisen,LOC,-1.0,0.0,de,3
Polen,Polen,LOC,-0.2333333333333333,0.0,de,3
Landsitz Highgrove…,Landsitz Highgrove…,LOC,0.0,0.0,de,3
Irland,Irland,LOC,0.0,0.0,de,3
Oslo,Oslo,LOC,0.4666666666666666,0.0,de,3
jüdischen Staat,jüdischen Staat,LOC,0.0,0.3333333333333333,de,3
Bischkek,Bischkek,LOC,-0.2333333333333333,0.0,de,3
Odessa,Odessa,LOC,0.0,0.3333333333333333,de,3
Weißes Haus,Weißes Haus,LOC,-0.2833333333333333,0.0,de,3
Bern,Bern,LOC,0.027777777777777762,0.0,de,3
Madrid,Madrid,LOC,0.0,0.0,de,3
AfD-Spitzenkandidat,AfD-Spitzenkandidat,LOC,0.2333333333333333,0.0,de,3
TTS-Player,TTS-Player,LOC,0.2333333333333333,0.0,de,3
Kanadas,Kanadas,LOC,-0.6666666666666666,0.0,de,3
US-Außenminister,US-Außenminister,LOC,-0.5666666666666667,0.0,de,3
Liveblog Israel,Liveblog Israel,LOC,0.0,0.0,de,3
Argentinien,Argentinien,LOC,-0.5666666666666667,0.0,de,3
Air-Force-One-Bericht,Air-Force-One-Bericht,LOC,-0.3333333333333333,0.0,de,3
Monaco,Monaco,LOC,-0.8333333333333334,0.16666666666666666,de,3
Protesten,Protesten,LOC,0.0,0.0,de,3
Straße,Straße,LOC,0.0,0.0,de,3
New Yorker,New Yorker,LOC,0.9500000000000001,0.0,de,3
UN-Generaldebatte,UN-Generaldebatte,LOC,0.0,0.0,de,3
Asowschen Meer,Asowschen Meer,LOC,0.0,0.0,de,3
Umfragen,Umfragen,LOC,0.0,0.0,de,3
Huthi-Miliz,Huthi-Miliz,LOC,-0.85,0.0,de,2
Brasilien,Brasilien,LOC,0.0,0.0,de,2
Norwegen,Norwegen,LOC,0.0,0.5,de,2
US-Amerikaner,US-Amerikaner,LOC,0.7,0.0,de,2
Königreich,Königreich,LOC,0.0,0.0,de,2
Südafrika,Südafrika,LOC,0.0,0.0,de,2
Saudiarabien,Saudiarabien,LOC,0.0,0.0,de,2
Florida,Florida,LOC,0.0,0.0,de,2
Siegmunds,Siegmunds,LOC,0.0,0.0,de,2
Falklandinseln,Falklandinseln,LOC,-0.85,0.0,de,2
Landtagswahl Sachsen-Anhalt,Landtagswahl Sachsen-Anhalt,LOC,0.0,0.0,de,2
Irak,Irak,LOC,0.0,0.0,de,2
Syrien,Syrien,LOC,-0.35,0.0,de,2
Spanien,Spanien,LOC,0.5166666666666666,0.0,de,2
Todesfall,Todesfall,LOC,0.0,0.0,de,2
Tangermünde,Tangermünde,LOC,0.0,0.0,de,2
Nato-Gipfel,Nato-Gipfel,LOC,0.0,0.0,de,2
Wahllokale,Wahllokale,LOC,-0.35,0.0,de,2
Grönland-Abkommen,Grönland-Abkommen,LOC,0.0,0.0,de,2
Jordanien,Jordanien,LOC,-0.85,0.0,de,2
New Jersey,New Jersey,LOC,0.0,0.0,de,2
Franzose,Franzose,LOC,-1.0,0.0,de,2
Sumner County,Sumner County,LOC,0.0,0.0,de,2
d…,d…,LOC,0.5,0.0,de,2
AfD-Landtagsfraktion,AfD-Landtagsfraktion,LOC,0.0,0.0,de,2
Tirana,Tirana,LOC,-0.5,0.0,de,2
Virginia,Virginia,LOC,0.0,0.0,de,2
Washington D.C.,Washington D.C.,LOC,0.0,0.0,de,2
Hamburg,Hamburg,LOC,0.0,0.0,de,2
US-Amerikanern,US-Amerikanern,LOC,0.0,0.0,de,2
Republikaner-Parteitag,Republikaner-Parteitag,LOC,-1.0,0.0,de,2
Briten-Premier,Briten-Premier,LOC,-0.425,0.0,de,2
Holm,Holm,LOC,0.0,0.0,de,2
Straße steh…,Straße steh…,LOC,0.0,0.0,de,2
Brent,Brent,LOC,0.0,0.0,de,2
South Park,South Park,LOC,0.0,0.0,de,2
Weiße Haus …,Weiße Haus …,LOC,0.0,0.0,de,2
Amt für Telefonate,Amt für Telefonate,LOC,0.0,0.0,de,2
Marvel-Chef,Marvel-Chef,LOC,0.0,0.0,de,2
Cambridge,Cambridge,LOC,0.0,0.0,de,2
Spitzenkandidatinnen Schwesig,Spitzenkandidatinnen Schwesig,LOC,0.7,0.0,de,2
Eralp,Eralp,LOC,0.7,0.0,de,2
Rolex,Rolex,LOC,0.0,0.0,de,2
Wahlsieger,Wahlsieger,LOC,0.0,0.0,de,2
Grönlands,Grönlands,LOC,-0.25,0.25,de,2
TikTok,TikTok,LOC,0.0,0.0,de,2
Washingtoner,Washingtoner,LOC,-0.35,0.5,de,2
St. Louis,St. Louis,LOC,0.0,0.0,de,2
Umbaupläne,Umbaupläne,LOC,-0.75,0.25,de,2
Teppich,Teppich,LOC,0.0,0.0,de,2
Kuba,Kuba,LOC,0.0,0.0,de,2
Aug 28,Aug 28,LOC,0.0,0.0,de,2
Dublin,Dublin,LOC,0.0,0.0,de,2
Lanz,Lanz,LOC,-0.35,0.0,de,2
U2,U2,LOC,0.35,0.0,de,2
Paris[3:45]4,Paris[3:45]4,LOC,0.0,0.0,de,2
Nacht[2:41]3,Nacht[2:41]3,LOC,0.0,0.0,de,2
Neonazi-Organisation,Neonazi-Organisation,LOC,1.0,0.0,de,2
Lincoln,Lincoln,LOC,0.7,0.0,de,2
US-Amerikanerin,US-Amerikanerin,LOC,-1.0,0.0,de,2
Bond-Universum,Bond-Universum,LOC,0.0,0.0,de,2
Halle,Halle,LOC,0.0,0.0,de,2
Wahlkampf,Wahlkampf,LOC,0.0,0.0,de,2
Italien,Italien,LOC,0.0,0.0,de,2
Trump-Kosmos,Trump-Kosmos,LOC,0.0,0.0,de,2
US-Finanzminister,US-Finanzminister,LOC,0.0,0.0,de,2
Harp,Harp,LOC,-0.7,0.0,de,2
Oranienbaum,Oranienbaum,LOC,0.0,0.0,de,2
Medienberichten,Medienberichten,LOC,0.0,0.5,de,2
Staaten,Staaten,LOC,0.0,0.0,de,2
Aug 25,Aug 25,LOC,0.0,0.0,de,2
Mecklenburg-Vorpommerns AfD-Kandidat,Mecklenburg-Vorpommerns AfD-Kandidat,LOC,0.0,0.0,de,2
Landgericht Hamburg,Landgericht Hamburg,LOC,-0.5,0.0,de,2
US-Moderatorin,US-Moderatorin,LOC,0.35,0.0,de,2
Nacht[2:41]4,Nacht[2:41]4,LOC,0.0,0.0,de,2
Rechtspopulistin Marine Le Pen,Rechtspopulistin Marine Le Pen,LOC,-1.0,0.0,de,2
Olmo-Freundin,Olmo-Freundin,LOC,0.0,0.0,de,2
Mapquest,Mapquest,LOC,0.0,0.0,de,2
Minnesota,Minnesota,LOC,0.0,0.0,de,2
Studioalbum</li><li,Studioalbum</li><li,LOC,0.0,0.0,de,2
Französin,Französin,LOC,0.0,0.0,de,2
Amerikas,Amerikas,LOC,-0.7,0.0,de,2
Silicon Valley,Silicon Valley,LOC,0.35,0.0,de,2
Weissrussland,Weissrussland,LOC,0.0,0.0,de,2
Ronzheimer-Podcast,Ronzheimer-Podcast,LOC,0.0,0.0,de,2
Gangsterrolle,Gangsterrolle,LOC,1.0,0.0,de,2
Miami,Miami,LOC,0.7,0.0,de,2
US-Sänger,US-Sänger,LOC,0.0,0.0,de,2
US-Einwanderungsbehörde,US-Einwanderungsbehörde,LOC,-0.7,0.0,de,2
Bad Bunny</li><li,Bad Bunny</li><li,LOC,0.7,0.0,de,2
Ceuta,Ceuta,LOC,0.7,0.0,de,2
auswärtigen Amtes,auswärtigen Amtes,LOC,0.11666666666666665,0.0,de,2
Putin-Regimes,Putin-Regimes,LOC,0.0,0.0,de,2
Drohnen-Anschlag,Drohnen-Anschlag,LOC,0.0,0.0,de,2
Mainzer Lerchenberg,Mainzer Lerchenberg,LOC,0.0,0.0,de,2
Albaner,Albaner,LOC,-0.5,0.0,de,2
Ottawa,Ottawa,LOC,0.0,0.0,de,2
Hamburgs SPD-Chefin,Hamburgs SPD-Chefin,LOC,0.0,0.0,de,2
Aufhören</li><li,Aufhören</li><li,LOC,0.35,0.5,de,2
Staat,Staat,LOC,0.0,1.0,de,2
AfD-Abgeordneten,AfD-Abgeordneten,LOC,0.5,0.0,de,2
Maisfeld,Maisfeld,LOC,0.6625,0.125,de,2
Nordirland,Nordirland,LOC,-0.07500000000000001,0.0,de,2
Kraft,Kraft,LOC,-0.5,0.0,de,2
Behördenangaben,Behördenangaben,LOC,-0.5,0.0,de,2
Bond-Abenteuer,Bond-Abenteuer,LOC,0.0,0.0,de,2
Kreml,Kreml,LOC,-0.5,0.0,de,2
Verteidigungsressorts,Verteidigungsressorts,LOC,1.0,0.0,de,2
Großraums Manchester,Großraums Manchester,LOC,0.0,0.0,de,2
Imax-Format,Imax-Format,LOC,-1.0,0.0,de,2
Kanadier,Kanadier,LOC,-0.5,0.0,de,2
Justizministers,Justizministers,LOC,0.0,0.0,de,2
Zürcher Letzigrund-Stadion,Zürcher Letzigrund-Stadion,LOC,0.0,0.0,de,2
Nvidia-Chef,Nvidia-Chef,LOC,0.0,0.0,de,2
“,“,LOC,-0.5,0.0,de,2
Güstrow,Güstrow,LOC,1.0,0.0,de,2
Hause,Hause,LOC,0.0,0.0,de,2
Nord Stream 2,Nord Stream 2,LOC,1.0,0.0,de,2
Kyjiw,Kyjiw,LOC,0.0,0.0,de,2
Rechtsaußenpopulisten,Rechtsaußenpopulisten,LOC,0.0,0.0,de,2
Palästina,Palästina,LOC,-0.35,0.0,de,2
Malibu,Malibu,LOC,-0.175,0.25,de,2
Tickets,Tickets,LOC,0.0,0.0,de,2
Regierungsangaben,Regierungsangaben,LOC,-0.85,0.0,de,2
Stadion Letzigrund,Stadion Letzigrund,LOC,0.0,0.0,de,2
Jerusalem,Jerusalem,LOC,0.0,0.8,de,2
Schottland,Schottland,LOC,-0.07500000000000001,0.0,de,2
Tel Aviv,Tel Aviv,LOC,0.0,0.0,de,2
Land,Land,LOC,0.175,0.25,de,2
US-Kongresswahlen,US-Kongresswahlen,LOC,0.45,0.16666666666666666,de,2
Detroit …,Detroit …,LOC,0.0,0.0,de,2
Mashhad,Mashhad,LOC,-0.5,0.0,de,2
Wales,Wales,LOC,-0.07500000000000001,0.0,de,2
Spahn,Spahn,LOC,-0.35,0.0,de,2
Löbau,Löbau,LOC,0.35,0.0,de,2
Utah,Utah,LOC,-0.5,0.0,de,2
Neu Delhi,Neu Delhi,LOC,0.0,0.0,de,2
AfD-Kandidat,AfD-Kandidat,LOC,1.0,0.0,de,2
Parchim,Parchim,LOC,0.7,0.0,de,1
Obere Warnow,Obere Warnow,LOC,0.7,0.0,de,1
Cardiff,Cardiff,LOC,0.0,0.0,de,1
Mecklenburg-Vorpommerns,Mecklenburg-Vorpommerns,LOC,0.0,0.0,de,1
Strass,Strass,LOC,0.0,0.0,de,1
Dolly Parton International Airport“,Dolly Parton International Airport“,LOC,0.0,0.0,de,1
Beinahe-Rückfall,Beinahe-Rückfall,LOC,-1.0,0.0,de,1
Ott,Ott,LOC,-1.0,0.0,de,1
Schlagerboom,Schlagerboom,LOC,0.0,0.0,de,1
Alten Theater,Alten Theater,LOC,-0.7,0.0,de,1
VorhofflimmernLionel,VorhofflimmernLionel,LOC,0.0,0.0,de,1
Mutterpartei,Mutterpartei,LOC,0.0,0.0,de,1
Nashville International Airport,Nashville International Airport,LOC,0.0,0.0,de,1
Mittwoch beka,Mittwoch beka,LOC,0.0,0.0,de,1
Luxemburg,Luxemburg,LOC,0.0,0.0,de,1
NashvilleSo,NashvilleSo,LOC,1.0,0.0,de,1
Love[3:01]6,Love[3:01]6,LOC,0.0,0.0,de,1
Parteivorsitzenden,Parteivorsitzenden,LOC,0.0,0.0,de,1
Jharkhand,Jharkhand,LOC,0.0,0.0,de,1
Kirgisistan,Kirgisistan,LOC,-0.7,0.0,de,1
Wahlvolk,Wahlvolk,LOC,0.0,0.0,de,1
Politikerranking,Politikerranking,LOC,0.0,0.0,de,1
AfD-Chefin,AfD-Chefin,LOC,0.0,0.0,de,1
Weiße Haus am Montag,Weiße Haus am Montag,LOC,0.0,0.0,de,1
US-Heeresstaatssekretär,US-Heeresstaatssekretär,LOC,0.0,0.0,de,1
Hofbräuhaus,Hofbräuhaus,LOC,0.0,0.0,de,1
Collage ntv.de,Collage ntv.de,LOC,0.0,0.0,de,1
Imago,Imago,LOC,0.0,0.0,de,1
Getty,Getty,LOC,0.0,0.0,de,1
Lionel Richie,Lionel Richie,LOC,0.0,0.0,de,1
Oscar-Preisträgerin,Oscar-Preisträgerin,LOC,-1.0,0.0,de,1
Hello“-Sänger,Hello“-Sänger,LOC,0.0,0.0,de,1
Woodlawn Memorial …,Woodlawn Memorial …,LOC,0.0,0.0,de,1
TRIPP,TRIPP,LOC,0.0,0.0,de,1
armenisch-iranischen Grenze,armenisch-iranischen Grenze,LOC,0.0,0.0,de,1
Pipelines,Pipelines,LOC,0.7,0.0,de,1
Armenien,Armenien,LOC,0.7,0.0,de,1
Kaukasus,Kaukasus,LOC,0.0,0.0,de,1
Hello-Sänger,Hello-Sänger,LOC,0.0,0.0,de,1
NZZ am Sonntag,NZZ am Sonntag,LOC,0.0,0.0,de,1
Vorhofflimmern,Vorhofflimmern,LOC,0.0,0.0,de,1
Brite,Brite,LOC,0.0,0.0,de,1
Trump-Dekret,Trump-Dekret,LOC,0.0,0.0,de,1
Schicksalswahlen,Schicksalswahlen,LOC,0.0,0.0,de,1
Streifen,Streifen,LOC,0.0,0.0,de,1
Düsseldorf,Düsseldorf,LOC,1.0,0.0,de,1
Nachkriegsdeutschland,Nachkriegsdeutschland,LOC,1.0,0.0,de,1
Ten…,Ten…,LOC,0.0,0.0,de,1
Blogger,Blogger,LOC,-1.0,0.0,de,1
Dolly-Parton-Moment,Dolly-Parton-Moment,LOC,0.0,0.0,de,1
Kalenderwoche 39,Kalenderwoche 39,LOC,0.0,0.0,de,1
KW39,KW39,LOC,1.0,0.0,de,1
Angriffsmodus,Angriffsmodus,LOC,-0.15000000000000002,0.0,de,1
US-Podcast,US-Podcast,LOC,0.0,0.0,de,1
Wahlarena,Wahlarena,LOC,-0.7,0.0,de,1
US-Verteidigungsminister,US-Verteidigungsminister,LOC,0.0,0.0,de,1
Importregeln,Importregeln,LOC,0.0,0.0,de,1
Hauptstadtjournalisten,Hauptstadtjournalisten,LOC,0.0,0.0,de,1
AfD-Fraktionschef,AfD-Fraktionschef,LOC,0.0,0.0,de,1
"Kennedy
 Center","Kennedy
 Center",LOC,0.0,0.0,de,1
Gebäudes,Gebäudes,LOC,-0.85,0.0,de,1
Küns…,Küns…,LOC,0.0,0.0,de,1
Hannover-Insider,Hannover-Insider,LOC,0.0,0.0,de,1
Mecklenbur…,Mecklenbur…,LOC,0.0,0.0,de,1
Stasi-Funktion,Stasi-Funktion,LOC,0.0,0.0,de,1
Kopf,Kopf,LOC,0.0,0.0,de,1
Landesverband,Landesverband,LOC,0.0,0.0,de,1
Worst-Case-Szenario,Worst-Case-Szenario,LOC,0.0,0.0,de,1
Peacock Theater,Peacock Theater,LOC,0.0,0.0,de,1
Mutiny,Mutiny,LOC,-0.7,0.0,de,1
Mitschuld,Mitschuld,LOC,0.0,0.0,de,1
Kanzlers,Kanzlers,LOC,0.0,0.0,de,1
weiterlesenNew York City,weiterlesenNew York City,LOC,0.0,0.0,de,1
Kamele,Kamele,LOC,0.0,1.0,de,1
Talkshows,Talkshows,LOC,0.0,0.0,de,1
Hasenfell,Hasenfell,LOC,0.0,1.0,de,1
Rostock,Rostock,LOC,0.0,0.0,de,1
US-Spezialeinheiten,US-Spezialeinheiten,LOC,0.0,0.0,de,1
Lipa-Familie,Lipa-Familie,LOC,0.0,0.0,de,1
Kulturzentrum,Kulturzentrum,LOC,-1.0,0.0,de,1
Country-Diva,Country-Diva,LOC,-1.0,0.0,de,1
Flughafen von,Flughafen von,LOC,0.0,0.0,de,1
Warnemünde,Warnemünde,LOC,0.0,0.0,de,1
Yosemite-Park,Yosemite-Park,LOC,0.0,0.0,de,1
Briefwahl,Briefwahl,LOC,0.0,0.0,de,1
Widow's Bay,Widow's Bay,LOC,-1.0,0.0,de,1
Witz,Witz,LOC,-1.0,0.0,de,1
Schweigegeld-Affäre,Schweigegeld-Affäre,LOC,-0.5,0.5,de,1
Meck-Pomm,Meck-Pomm,LOC,0.0,0.0,de,1
Gavin Newsom,Gavin Newsom,LOC,-0.7,0.0,de,1
Lebensgefahr,Lebensgefahr,LOC,0.7,0.0,de,1
4K.,4K.,LOC,0.0,0.0,de,1
Ostküste,Ostküste,LOC,-1.0,0.0,de,1
Umfrage-Instituten,Umfrage-Instituten,LOC,-0.35,0.5,de,1
Lokalposse,Lokalposse,LOC,0.0,0.0,de,1
Pankow,Pankow,LOC,0.0,0.0,de,1
Nachrichtenportal Politico,Nachrichtenportal Politico,LOC,-1.0,0.0,de,1
Meck…,Meck…,LOC,0.0,0.0,de,1
Burgfrieden,Burgfrieden,LOC,0.0,0.0,de,1
Notenbank-Elite,Notenbank-Elite,LOC,0.0,0.0,de,1
Rocky Mountains,Rocky Mountains,LOC,0.0,0.0,de,1
Jackson Hole,Jackson Hole,LOC,0.0,0.0,de,1
Xi-Trump-Gipfel,Xi-Trump-Gipfel,LOC,0.0,0.0,de,1
Andrews Air Force Base,Andrews Air Force Base,LOC,0.0,0.0,de,1
Direktzahlungen,Direktzahlungen,LOC,0.7,0.0,de,1
Kolumbien,Kolumbien,LOC,-0.5,0.5,de,1
Bandjubiläum,Bandjubiläum,LOC,0.0,0.0,de,1
Chrupalla,Chrupalla,LOC,-0.7,0.0,de,1
TTS-Player überspringenArtikel weiterlesenDublin,TTS-Player überspringenArtikel weiterlesenDublin,LOC,0.0,0.0,de,1
Nachrichtenportal,Nachrichtenportal,LOC,-1.0,0.0,de,1
Harz,Harz,LOC,0.0,0.0,de,1
achtzigjährig,achtzigjährig,LOC,-1.0,0.0,de,1
schmalen Straße,schmalen Straße,LOC,0.0,0.0,de,1
Los Angeles an</li></…,Los Angeles an</li></…,LOC,0.0,0.0,de,1
Niederlanden,Niederlanden,LOC,0.0,0.0,de,1
Wahlabend,Wahlabend,LOC,-1.0,0.0,de,1
Wahl-Forum,Wahl-Forum,LOC,1.0,0.0,de,1
Top-Mitarbeiter,Top-Mitarbeiter,LOC,0.85,0.0,de,1
Autokraten,Autokraten,LOC,0.0,0.0,de,1
Schnaps,Schnaps,LOC,-0.7,0.0,de,1
Handelskonflikt,Handelskonflikt,LOC,-0.5,0.5,de,1
AfD-Wahlerfolg,AfD-Wahlerfolg,LOC,0.7,0.0,de,1
Rückensturm,Rückensturm,LOC,0.0,1.0,de,1
Konrad-Adenauer-Haus,Konrad-Adenauer-Haus,LOC,-0.7,0.0,de,1
Estland,Estland,LOC,0.7,0.0,de,1
Finnland,Finnland,LOC,0.7,0.0,de,1
britische Regierung,britische Regierung,LOC,0.7,0.0,de,1
Triumphbogen,Triumphbogen,LOC,0.0,0.0,de,1
Geeintes Russland,Geeintes Russland,LOC,-1.0,0.0,de,1
Stadts…,Stadts…,LOC,0.0,0.0,de,1
Palmer,Palmer,LOC,0.0,0.0,de,1
Einflussnahme,Einflussnahme,LOC,0.0,0.0,de,1
Exodus,Exodus,LOC,0.0,0.0,de,1
Gazastreifens,Gazastreifens,LOC,0.0,0.0,de,1
Gaza,Gaza,LOC,0.0,0.0,de,1
Morristown,Morristown,LOC,0.0,0.0,de,1
Cannes,Cannes,LOC,0.0,0.0,de,1
Koalitionspartner,Koalitionspartner,LOC,1.0,0.0,de,1
US-Politiker,US-Politiker,LOC,1.0,0.0,de,1
Pu…,Pu…,LOC,0.0,0.0,de,1
Istanbul,Istanbul,LOC,0.0,0.0,de,1
Griechenland,Griechenland,LOC,0.0,0.0,de,1
Interfax,Interfax,LOC,-1.0,0.0,de,1
Nordirlands,Nordirlands,LOC,0.0,0.0,de,1
Direktwahlkreisen,Direktwahlkreisen,LOC,0.0,0.0,de,1
Schwesig,Schwesig,LOC,0.0,0.0,de,1
Sachsen-Anhal…,Sachsen-Anhal…,LOC,0.0,0.0,de,1
National Gallery of Art,National Gallery of Art,LOC,-0.7,0.0,de,1
Ostdeutschland,Ostdeutschland,LOC,1.0,0.0,de,1
Radiomikrofon,Radiomikrofon,LOC,1.0,0.0,de,1
Xis,Xis,LOC,0.0,0.0,de,1
Ibiza,Ibiza,LOC,0.0,0.0,de,1
Stasi,Stasi,LOC,0.0,0.0,de,1
Straftaten,Straftaten,LOC,0.0,0.0,de,1
Neubrandenburg,Neubrandenburg,LOC,0.0,0.0,de,1
Pornos,Pornos,LOC,0.0,0.0,de,1
AfD-Herausforderer,AfD-Herausforderer,LOC,1.0,0.0,de,1
Machtfrage,Machtfrage,LOC,0.0,0.0,de,1
Romanfragment Amerika,Romanfragment Amerika,LOC,-0.7,0.0,de,1
Kafka,Kafka,LOC,0.0,0.0,de,1
Gaza-Partei,Gaza-Partei,LOC,0.0,0.0,de,1
Skulptur Blue,Skulptur Blue,LOC,-0.7,0.0,de,1
Sachsen-Anha…,Sachsen-Anha…,LOC,0.0,0.0,de,1
AfD-Direktkandidaten,AfD-Direktkandidaten,LOC,0.7,0.0,de,1
Kreisel,Kreisel,LOC,0.7,0.0,de,1
Wernigerode-Mitte,Wernigerode-Mitte,LOC,0.7,0.0,de,1
US,US,LOC,0.0,0.0,de,1
Autobahn 36,Autobahn 36,LOC,0.7,0.0,de,1
Mecklenburg-Vorpom…,Mecklenburg-Vorpom…,LOC,0.0,0.0,de,1
AfD-Wahlsieger,AfD-Wahlsieger,LOC,0.0,1.0,de,1
Bundes,Bundes,LOC,0.0,0.0,de,1
College Park,College Park,LOC,0.0,0.0,de,1
Endlos-Reden,Endlos-Reden,LOC,0.7,0.0,de,1
Handwerks,Handwerks,LOC,1.0,0.0,de,1
Kapitol,Kapitol,LOC,0.0,0.0,de,1
Batman-Day,Batman-Day,LOC,1.0,0.0,de,1
AfD-Wähler,AfD-Wähler,LOC,0.35,0.5,de,1
Vereinigten Königreich,Vereinigten Königreich,LOC,0.0,0.0,de,1
Dienstwagen-Check,Dienstwagen-Check,LOC,0.0,0.0,de,1
Bond-Favoriten,Bond-Favoriten,LOC,0.0,0.0,de,1
Referendum,Referendum,LOC,0.0,0.0,de,1
Limonade,Limonade,LOC,0.0,0.0,de,1
belast…,belast…,LOC,0.0,0.0,de,1
Afghanistan,Afghanistan,LOC,0.0,0.0,de,1
US‑Podcast,US‑Podcast,LOC,0.0,0.0,de,1
Venedig,Venedig,LOC,0.0,0.0,de,1
Leistungsgedanken,Leistungsgedanken,LOC,0.0,0.0,de,1
Missouri,Missouri,LOC,0.0,0.0,de,1
Wilden Westen,Wilden Westen,LOC,0.0,0.0,de,1
KI-Branche,KI-Branche,LOC,-0.7,0.0,de,1
Lake America,Lake America,LOC,0.0,0.0,de,1
Landkreis…,Landkreis…,LOC,0.7,0.0,de,1
Apple,Apple,LOC,0.0,0.0,de,1
Hollywood Historic Trust an der Platte,Hollywood Historic Trust an der Platte,LOC,0.0,0.0,de,1
Bundesstaat Maryland,Bundesstaat Maryland,LOC,0.0,0.0,de,1
Streaming-Abo,Streaming-Abo,LOC,0.0,0.0,de,1
Hollywood Walk of Fame Blumen,Hollywood Walk of Fame Blumen,LOC,0.0,0.0,de,1
Walk of Fame,Walk of Fame,LOC,0.0,0.0,de,1
machtbewusst,machtbewusst,LOC,0.0,0.0,de,1
Hollywood Bowl,Hollywood Bowl,LOC,0.0,0.0,de,1
Nationen-Bündnisses Brics,Nationen-Bündnisses Brics,LOC,0.0,0.0,de,1
Hollands,Hollands,LOC,0.0,0.0,de,1
Kairo,Kairo,LOC,0.0,0.0,de,1
Pokhrahi-Grundschule,Pokhrahi-Grundschule,LOC,0.0,0.0,de,1
Herr Tetzlaff,Herr Tetzlaff,LOC,-1.0,0.0,de,1
AfD-Bundeschef,AfD-Bundeschef,LOC,-1.0,0.0,de,1
Schockwellen,Schockwellen,LOC,0.0,0.0,de,1
Deuts…,Deuts…,LOC,1.0,0.0,de,1
Frühstückscerealien,Frühstückscerealien,LOC,0.0,0.0,de,1
Medien-Gegenwart,Medien-Gegenwart,LOC,0.0,0.0,de,1
wei…,wei…,LOC,0.0,0.0,de,1
Kleinwerte-Index,Kleinwerte-Index,LOC,0.0,0.0,de,1
Knopf,Knopf,LOC,-0.7,0.0,de,1
Wahlkreis Genthin,Wahlkreis Genthin,LOC,0.0,0.0,de,1
Sonntag erklä,Sonntag erklä,LOC,0.0,0.0,de,1
Schloss Schwerin,Schloss Schwerin,LOC,0.0,0.0,de,1
Potomac River,Potomac River,LOC,1.0,0.0,de,1
Rekordtief,Rekordtief,LOC,-1.0,0.0,de,1
Tange…,Tange…,LOC,0.0,1.0,de,1
Kinderkanal Kika,Kinderkanal Kika,LOC,0.0,0.0,de,1
Kinderkanal Kika auftrumpfte,Kinderkanal Kika auftrumpfte,LOC,0.0,0.0,de,1
Arc de Triomphe,Arc de Triomphe,LOC,0.0,0.0,de,1
Mark Zuckerberg,Mark Zuckerberg,LOC,0.7,0.0,de,1
Zuckerberg,Zuckerberg,LOC,0.0,0.0,de,1
US-Hauptstadt,US-Hauptstadt,LOC,0.0,0.0,de,1
Broad Beach,Broad Beach,LOC,0.0,0.0,de,1
Frankfurt am Main,Frankfurt am Main,LOC,-0.7,0.0,de,1
kalifornischen Küste,kalifornischen Küste,LOC,0.0,0.0,de,1
Kellner,Kellner,LOC,0.0,0.0,de,1
Mette-Marit,Mette-Marit,LOC,0.7,0.0,de,1
Wunschkonzert-Parteien,Wunschkonzert-Parteien,LOC,0.0,0.0,de,1
Hofe,Hofe,LOC,0.0,0.0,de,1
Beobachtungszeitraum,Beobachtungszeitraum,LOC,0.0,0.0,de,1
AfD,AfD,LOC,-1.0,0.0,de,1
Bundesweit,Bundesweit,LOC,-1.0,0.0,de,1
US-Senatorin,US-Senatorin,LOC,0.0,0.0,de,1
Kampagne,Kampagne,LOC,0.0,0.0,de,1
Int…,Int…,LOC,0.0,0.0,de,1
Intensivstation,Intensivstation,LOC,0.0,0.0,de,1
Irlands,Irlands,LOC,0.7,0.0,de,1
Schwesigs,Schwesigs,LOC,0.0,0.0,de,1
Ceuta-Vorgeschichte,Ceuta-Vorgeschichte,LOC,-1.0,0.0,de,1
Dortmund,Dortmund,LOC,0.0,0.0,de,1
Florida +++ Reflecting Pool,Florida +++ Reflecting Pool,LOC,-1.0,0.0,de,1
Drohnenabkommen,Drohnenabkommen,LOC,0.0,0.0,de,1
Ithaka,Ithaka,LOC,1.0,0.0,de,1
UK,UK,LOC,0.7,0.0,de,1
Abendlandes,Abendlandes,LOC,0.0,0.0,de,1
Bedrängnis,Bedrängnis,LOC,0.0,0.0,de,1
Atomkraftwerks Saporischschja,Atomkraftwerks Saporischschja,LOC,-1.0,0.0,de,1
Nolans,Nolans,LOC,-0.35,0.0,de,1
Persischen Golf,Persischen Golf,LOC,-1.0,0.0,de,1
Kriegsanalysen,Kriegsanalysen,LOC,0.0,0.0,de,1
Netzwerken,Netzwerken,LOC,0.0,0.0,de,1
Ukrainer,Ukrainer,LOC,0.0,0.0,de,1
Hauptjob,Hauptjob,LOC,0.0,0.0,de,1
Spinnennetz-Mastermind,Spinnennetz-Mastermind,LOC,0.0,0.0,de,1
Chmara,Chmara,LOC,-1.0,0.0,de,1
Grossbritannien,Grossbritannien,LOC,0.7,0.0,de,1
Pappschildern,Pappschildern,LOC,0.0,0.0,de,1
Uk…,Uk…,LOC,0.0,0.0,de,1
Leyen,Leyen,LOC,0.0,0.0,de,1
Fussfesseln,Fussfesseln,LOC,0.0,0.0,de,1
Herren-Finale,Herren-Finale,LOC,0.7,0.0,de,1
Flughafen Ben Gurion,Flughafen Ben Gurion,LOC,0.0,0.0,de,1
Westjordanland,Westjordanland,LOC,1.0,0.0,de,1
Bahrain,Bahrain,LOC,-1.0,0.0,de,1
Hauptschlagader,Hauptschlagader,LOC,0.0,0.0,de,1
Tehe…,Tehe…,LOC,0.0,0.0,de,1
Vancouver Whitecaps,Vancouver Whitecaps,LOC,0.0,0.0,de,1
Straße vo,Straße vo,LOC,0.0,0.0,de,1
US-Linken,US-Linken,LOC,1.0,0.0,de,1
Gelegenheitsheld,Gelegenheitsheld,LOC,0.0,0.0,de,1
Jurassic Park,Jurassic Park,LOC,0.0,0.0,de,1
Moskauer,Moskauer,LOC,0.0,0.0,de,1
Tokio,Tokio,LOC,1.0,0.0,de,1
Gürtel,Gürtel,LOC,0.7,0.0,de,1
US-Richterin,US-Richterin,LOC,-1.0,0.0,de,1
Vereinigten Arabischen Emirate,Vereinigten Arabischen Emirate,LOC,0.35,0.0,de,1
Reflecting Pool,Reflecting Pool,LOC,0.0,0.0,de,1
Rom,Rom,LOC,0.27499999999999997,0.0,de,1
Libanon,Libanon,LOC,0.27499999999999997,0.0,de,1
Tour-Finale,Tour-Finale,LOC,0.7,0.0,de,1
Ammersee,Ammersee,LOC,1.0,0.0,de,1
Räumung,Räumung,LOC,0.0,0.0,de,1
Video-Würfel,Video-Würfel,LOC,0.0,0.0,de,1
Straße von Hormus +++ US-Armee,Straße von Hormus +++ US-Armee,LOC,1.0,0.0,de,1
Großbuchstaben hi,Großbuchstaben hi,LOC,0.0,0.0,de,1
Javier Milei,Javier Milei,LOC,-0.27499999999999997,0.0,de,1
Vereinigte Königreich,Vereinigte Königreich,LOC,0.0,0.0,de,1
Monaten,Monaten,LOC,0.0,0.0,de,1
Westminster,Westminster,LOC,0.0,0.0,de,1
Fußball-Formeln,Fußball-Formeln,LOC,0.0,0.0,de,1
Großer Waldbrand,Großer Waldbrand,LOC,0.7,0.0,de,1
Guadalajara,Guadalajara,LOC,0.0,0.0,de,1
Nordens,Nordens,LOC,0.0,0.0,de,1
Labour-Politiker,Labour-Politiker,LOC,0.7,0.0,de,1
Buckingham-Palast,Buckingham-Palast,LOC,0.0,0.0,de,1
Audienz,Audienz,LOC,0.0,0.0,de,1
Machtwechsel,Machtwechsel,LOC,0.0,0.0,de,1
Charlie-Kirk-Schilder,Charlie-Kirk-Schilder,LOC,0.0,0.0,de,1
Buckingham Palace,Buckingham Palace,LOC,1.0,0.0,de,1
Buckingham Palast,Buckingham Palast,LOC,0.0,1.0,de,1
Samstagabend,Samstagabend,LOC,0.0,0.0,de,1
Baden-Württemberg,Baden-Württemberg,LOC,1.0,0.0,de,1
weiterlesenAspach,weiterlesenAspach,LOC,1.0,0.0,de,1
Sakko,Sakko,LOC,0.7,0.0,de,1
Markenze…,Markenze…,LOC,0.0,0.0,de,1
Hintergr…,Hintergr…,LOC,0.0,0.0,de,1
Konzert,Konzert,LOC,0.0,0.0,de,1
Online-Versandlager,Online-Versandlager,LOC,0.0,0.0,de,1
Online-Händlers Wildberries,Online-Händlers Wildberries,LOC,0.0,0.0,de,1
Englands,Englands,LOC,0.0,0.0,de,1
Peoples History Museum,Peoples History Museum,LOC,-0.7,0.0,de,1
Cumbria,Cumbria,LOC,0.0,0.0,de,1
Aspach,Aspach,LOC,0.0,0.0,de,1
Bad Bunnys Konzert,Bad Bunnys Konzert,LOC,0.0,0.0,de,1
Hagelschauer,Hagelschauer,LOC,0.0,0.0,de,1
Feuerwehr-Angaben,Feuerwehr-Angaben,LOC,-0.15000000000000002,0.0,de,1
Herzblätter,Herzblätter,LOC,0.0,0.0,de,1
Pferderennbahn,Pferderennbahn,LOC,0.0,0.0,de,1
San Siro,San Siro,LOC,0.0,0.0,de,1
Galopprennbahn,Galopprennbahn,LOC,0.7,0.0,de,1
US-Demokrat,US-Demokrat,LOC,-0.7,0.0,de,1
Londons,Londons,LOC,0.0,0.0,de,1
Posh-Spice,Posh-Spice,LOC,0.0,0.0,de,1
Qeshm,Qeshm,LOC,0.0,0.0,de,1
Adriaküste,Adriaküste,LOC,-1.0,0.0,de,1
Justizsorgen los,Justizsorgen los,LOC,0.0,0.0,de,1
Provinz  ,Provinz  ,LOC,0.0,0.0,de,1
La Flèche,La Flèche,LOC,0.0,0.0,de,1
e…,e…,LOC,-1.0,0.0,de,1
Rokhaya Diallo,Rokhaya Diallo,LOC,0.0,0.0,de,1
Musik-Stars,Musik-Stars,LOC,0.0,0.0,de,1
Kleine Wortbrüche,Kleine Wortbrüche,LOC,0.0,0.0,de,1
Risikospiel,Risikospiel,LOC,0.0,0.0,de,1
Malm-Möbeln,Malm-Möbeln,LOC,0.0,0.0,de,1
Nato-Treffens,Nato-Treffens,LOC,0.0,0.0,de,1
Französin Marine Le Pen,Französin Marine Le Pen,LOC,0.25,0.25,de,1
Insel Grönland,Insel Grönland,LOC,0.0,0.0,de,1
Berufungsgerichts über d…,Berufungsgerichts über d…,LOC,0.0,0.0,de,1
Trauerzugs,Trauerzugs,LOC,0.0,1.0,de,1
Horror-Hit,Horror-Hit,LOC,0.0,0.0,de,1
Warschau,Warschau,LOC,-0.7,0.0,de,1
Sirik,Sirik,LOC,0.0,0.0,de,1
Gegner,Gegner,LOC,0.0,0.8,de,1
Breaks,Breaks,LOC,1.0,0.0,de,1
Nato-Staatschefs,Nato-Staatschefs,LOC,0.0,0.0,de,1
Präsidentenwahlen,Präsidentenwahlen,LOC,0.0,0.0,de,1
Belgorod,Belgorod,LOC,0.0,1.0,de,1
Jordan Bardella,Jordan Bardella,LOC,0.0,0.0,de,1
Neuem,Neuem,LOC,0.0,0.0,de,1
Schweden,Schweden,LOC,-1.0,0.0,de,1
Den Haag,Den Haag,LOC,0.0,0.0,de,1
Urne,Urne,LOC,0.0,0.0,de,1
Stadt Qom,Stadt Qom,LOC,0.0,0.0,de,1
‌Jahr,‌Jahr,LOC,0.0,0.0,de,1
Berufungsrichtern,Berufungsrichtern,LOC,0.0,0.0,de,1
Élysée,Élysée,LOC,0.0,0.0,de,1
Kassationsgerichts,Kassationsgerichts,LOC,-0.15000000000000002,0.0,de,1
Handelsschiffe,Handelsschiffe,LOC,-0.85,0.0,de,1
Straße von Hormus +++ Qatar,Straße von Hormus +++ Qatar,LOC,-0.85,0.0,de,1
Trauerfeiern,Trauerfeiern,LOC,0.0,0.0,de,1
NATO-Gipfel,NATO-Gipfel,LOC,0.0,0.0,de,1
SZ am Morgen,SZ am Morgen,LOC,0.0,0.0,de,1
Polens,Polens,LOC,0.0,0.0,de,1
Hauptfeind,Hauptfeind,LOC,0.0,0.0,de,1
Warschaus,Warschaus,LOC,0.0,0.0,de,1
iranischen Küste,iranischen Küste,LOC,0.0,0.0,de,1
Häusermarkt,Häusermarkt,LOC,0.0,0.0,de,1
Spaltungs-Strudel,Spaltungs-Strudel,LOC,1.0,0.0,de,1
Monte Christo,Monte Christo,LOC,0.0,0.0,de,1
James-Bond-Kosmos,James-Bond-Kosmos,LOC,0.0,0.0,de,1
Manhattan,Manhattan,LOC,0.0,0.0,de,1
Birmingham,Birmingham,LOC,-0.85,0.0,de,1
Childrens,Childrens,LOC,-0.85,0.0,de,1
Verletzungs-Schock,Verletzungs-Schock,LOC,-0.7,0.0,de,1
Mega-Comeback,Mega-Comeback,LOC,-0.7,0.0,de,1
Ente,Ente,LOC,0.7,0.0,de,1
Wimbledon-Hitze,Wimbledon-Hitze,LOC,0.0,0.0,de,1
Handventilator,Handventilator,LOC,0.0,0.0,de,1
Hut,Hut,LOC,0.0,0.0,de,1
Damen-Finale,Damen-Finale,LOC,0.0,0.0,de,1
Stadion wol,Stadion wol,LOC,0.0,0.0,de,1
Produktionstruck,Produktionstruck,LOC,0.0,0.0,de,1
Hoffnungen,Hoffnungen,LOC,0.0,0.0,de,1
Anmarsch,Anmarsch,LOC,0.0,0.0,de,1
Islamische Republik Iran,Islamische Republik Iran,LOC,0.0,0.0,de,1
Anschlagspläne,Anschlagspläne,LOC,-1.0,0.0,de,1
Sprengstoff-Drohnen,Sprengstoff-Drohnen,LOC,0.0,0.0,de,1
Washin…,Washin…,LOC,0.0,0.0,de,1
Außenseiters,Außenseiters,LOC,0.0,0.0,de,1
Bredouille,Bredouille,LOC,-1.0,0.0,de,1
Argentinier,Argentinier,LOC,0.0,0.0,de,1
Ägypten,Ägypten,LOC,0.0,0.0,de,1
rigged,rigged,LOC,0.0,0.0,de,1
Chamenei,Chamenei,LOC,0.0,0.0,de,1
Weißen Haus…,Weißen Haus…,LOC,-1.0,0.0,de,1
Nato-Gipfels,Nato-Gipfels,LOC,0.5,0.5,de,1
Straße von Hormu…,Straße von Hormu…,LOC,0.0,0.0,de,1
Khamenei,Khamenei,LOC,-1.0,0.0,de,1
Karbala,Karbala,LOC,0.0,0.0,de,1
Mosambik,Mosambik,LOC,0.0,0.0,de,1
Saratow,Saratow,LOC,0.0,0.0,de,1
Flitterwochen,Flitterwochen,LOC,0.7,0.0,de,1
Ernst-Happel-Stadion,Ernst-Happel-Stadion,LOC,0.0,0.0,de,1
Healey,Healey,LOC,0.0,0.0,de,1
Melanie C,Melanie C,LOC,0.0,0.0,de,1
Amazonas-Regenwald,Amazonas-Regenwald,LOC,0.85,0.0,de,1
Bayreuth,Bayreuth,LOC,0.0,0.0,de,1
Enteignungspläne der Linken,Enteignungspläne der Linken,LOC,-0.7,0.0,de,1
Epsteins Insel,Epsteins Insel,LOC,0.0,0.0,de,1
Geldwäschezentrum,Geldwäschezentrum,LOC,0.0,0.0,de,1
Münsteraner,Münsteraner,LOC,-0.7,0.0,de,1
Hormus,Hormus,LOC,0.0,0.0,de,1
Iraner,Iraner,LOC,0.0,0.0,de,1
Metropolitan Museum,Metropolitan Museum,LOC,0.0,0.0,de,1
Roland-Kaiser-Duett,Roland-Kaiser-Duett,LOC,0.0,0.0,de,1
Personalie,Personalie,LOC,-1.0,0.0,de,1
Capybara,Capybara,LOC,0.7,0.0,de,1
Obersten Gerichtshofes,Obersten Gerichtshofes,LOC,0.0,0.0,de,1
Donbass,Donbass,LOC,0.0,0.0,de,1
Pazifik,Pazifik,LOC,0.0,0.0,de,1
Noworossijsk am Schwarzen Meer,Noworossijsk am Schwarzen Meer,LOC,0.7,0.0,de,1
Söder,Söder,LOC,0.7,0.0,de,1
brasi…,brasi…,LOC,0.0,0.0,de,1
Aachen,Aachen,LOC,0.0,0.0,de,1
Kulturstaatsminister,Kulturstaatsminister,LOC,0.0,0.0,de,1
Belgien,Belgien,LOC,-1.0,0.0,de,1
Bundesrepublik Deutschland,Bundesrepublik Deutschland,LOC,0.0,0.0,de,1
Müssen Harry,Müssen Harry,LOC,0.0,0.0,de,1
Amerikanern,Amerikanern,LOC,0.0,0.0,de,1
Collins,Collins,LOC,0.0,0.0,de,1
Schlechter Lernfortschritt,Schlechter Lernfortschritt,LOC,-1.0,0.0,de,1
Nicola,Nicola,LOC,0.0,0.0,de,1
Urlaubs-Krimi,Urlaubs-Krimi,LOC,0.0,0.0,de,1
weiterlesenSaint-Tropez,weiterlesenSaint-Tropez,LOC,0.7,0.0,de,1
Saint-Tropez,Saint-Tropez,LOC,1.0,0.0,de,1
Jacht-Hafen,Jacht-Hafen,LOC,1.0,0.0,de,1
Eisdiele,Eisdiele,LOC,1.0,0.0,de,1
Epstein,Epstein,LOC,-1.0,0.0,de,1
Bundesstaat reic…,Bundesstaat reic…,LOC,0.0,0.0,de,1
Abbey Road Studios,Abbey Road Studios,LOC,0.0,0.0,de,1
Mannheimer,Mannheimer,LOC,0.0,0.0,de,1
Spokane,Spokane,LOC,0.0,0.0,de,1
Kongressanhörungen,Kongressanhörungen,LOC,0.0,0.0,de,1
Flughafen Leipzig,Flughafen Leipzig,LOC,0.0,0.0,de,1
Kreml-Hetzer,Kreml-Hetzer,LOC,0.0,0.0,de,1
Italiener,Italiener,LOC,-1.0,0.0,de,1
Meerwasser,Meerwasser,LOC,0.0,0.0,de,1
Nudeln,Nudeln,LOC,-0.7,0.0,de,1
Bühnen-Outfit,Bühnen-Outfit,LOC,0.0,0.0,de,1
US-Journalistin,US-Journalistin,LOC,-0.85,0.0,de,1
Popstar Dua Lipa,Popstar Dua Lipa,LOC,0.0,0.0,de,1
Arbeiten im Weißen Haus,Arbeiten im Weißen Haus,LOC,0.0,0.0,de,1
New York…,New York…,LOC,0.0,0.0,de,1
Maga-Welt los,Maga-Welt los,LOC,0.0,0.0,de,1
Verbal-Attacke,Verbal-Attacke,LOC,0.7,0.0,de,1
Reichweite,Reichweite,LOC,0.0,0.0,de,1
Politstars,Politstars,LOC,0.0,0.0,de,1
Heute-Show-Mann,Heute-Show-Mann,LOC,0.0,0.0,de,1
Rundfunk,Rundfunk,LOC,0.0,0.0,de,1
Fachkräfte,Fachkräfte,LOC,0.0,0.0,de,1
Geburtenwende,Geburtenwende,LOC,0.0,0.0,de,1
BSW-Parteigründerin,BSW-Parteigründerin,LOC,0.0,0.0,de,1
zweiten Platz,zweiten Platz,LOC,0.0,0.0,de,1
Handelskrieg USA-Kanada,Handelskrieg USA-Kanada,LOC,0.0,0.0,de,1
Nordkoreas,Nordkoreas,LOC,0.0,0.0,de,1
Wahlkampftour,Wahlkampftour,LOC,0.0,0.0,de,1
Thüringen,Thüringen,LOC,0.0,0.0,de,1
Brombeer-Koalition,Brombeer-Koalition,LOC,0.0,0.0,de,1
Wagenknecht,Wagenknecht,LOC,0.0,0.0,de,1
Kreml Maria Sacharowa,Kreml Maria Sacharowa,LOC,-1.0,0.0,de,1
Washingtons,Washingtons,LOC,0.0,0.0,de,1
Havanna,Havanna,LOC,0.15000000000000002,0.0,de,1
Hormus-Straße,Hormus-Straße,LOC,-1.0,0.0,de,1
Teherans,Teherans,LOC,0.0,0.0,de,1
Siegmund,Siegmund,LOC,0.7,0.0,de,1
Verfassungsschutz,Verfassungsschutz,LOC,0.7,0.0,de,1
Verfassungsschutzes,Verfassungsschutzes,LOC,-0.7,0.0,de,1
TV-Ferien,TV-Ferien,LOC,-0.7,0.0,de,1
These wirk,These wirk,LOC,0.0,0.0,de,1
Massoud Pezeshkian,Massoud Pezeshkian,LOC,0.0,0.0,de,1
Portofino,Portofino,LOC,0.0,0.0,de,1
POLITICO,POLITICO,LOC,0.0,0.0,de,1
Tass,Tass,LOC,0.0,0.0,de,1
Streaming-Zahlen,Streaming-Zahlen,LOC,0.0,0.0,de,1
Album-Releases,Album-Releases,LOC,0.0,0.0,de,1
US-Demokraten,US-Demokraten,LOC,-1.0,0.0,de,1
Podcast Ronzheimer,Podcast Ronzheimer,LOC,-0.7,0.0,de,1
weiterlesenTel Aviv,weiterlesenTel Aviv,LOC,0.0,0.0,de,1
st…,st…,LOC,0.0,0.0,de,1
Johannesburg,Johannesburg,LOC,0.0,0.0,de,1
Britische Regierung,Britische Regierung,LOC,0.0,0.0,de,1
schwergetan,schwergetan,LOC,0.0,0.0,de,1
Masterminds,Masterminds,LOC,0.0,0.0,de,1
Glasgow,Glasgow,LOC,0.0,0.0,de,1
Luxus,Luxus,LOC,1.0,0.0,de,1
missliebigem Museum,missliebigem Museum,LOC,0.0,0.0,de,1
Epstein-Enthüllungen,Epstein-Enthüllungen,LOC,-1.0,0.0,de,1
Royal,Royal,LOC,0.0,0.0,de,1
Royal Lodge,Royal Lodge,LOC,0.0,0.0,de,1
Kettensägen-Präsident,Kettensägen-Präsident,LOC,0.7,0.0,de,1
Milei,Milei,LOC,0.7,0.0,de,1
Bolsonaro,Bolsonaro,LOC,-0.15000000000000002,0.0,de,1
Teheraner,Teheraner,LOC,0.0,0.0,de,1
Ägyptens,Ägyptens,LOC,0.0,0.0,de,1
Trump Tower,Trump Tower,LOC,0.0,0.0,de,1
Komplim…,Komplim…,LOC,0.0,0.0,de,1
Bahrain-Rennen,Bahrain-Rennen,LOC,-1.0,0.0,de,1
Stadt Salzburg,Stadt Salzburg,LOC,0.0,0.0,de,1
Südafrikas,Südafrikas,LOC,0.0,0.0,de,1
Brand Beckham,Brand Beckham,LOC,0.0,0.0,de,1
Fiskalregeln,Fiskalregeln,LOC,0.7,0.0,de,1
Marvel,Marvel,LOC,0.7,0.0,de,1
(77,(77,LOC,1.0,0.0,de,1
Ex-Spice-Girls,Ex-Spice-Girls,LOC,1.0,0.0,de,1
Platzeck,Platzeck,LOC,0.7,0.0,de,1
Pofalla,Pofalla,LOC,0.7,0.0,de,1
Finanzminister,Finanzminister,LOC,0.0,0.0,de,1
Cowboy-Boots,Cowboy-Boots,LOC,0.0,0.0,de,1
Haus in Colombes,Haus in Colombes,LOC,0.0,0.0,de,1
Filmmusical La La Land,Filmmusical La La Land,LOC,0.0,0.0,de,1
Epstein-Files,Epstein-Files,LOC,0.0,0.0,de,1
Huthi-Drohungen,Huthi-Drohungen,LOC,0.85,0.0,de,1
Atom-Deal,Atom-Deal,LOC,0.0,0.0,de,1
Saudi-Arabien,Saudi-Arabien,LOC,0.0,0.0,de,1
Business-Gewand,Business-Gewand,LOC,0.0,0.0,de,1
US-Konzern,US-Konzern,LOC,0.0,0.0,de,1
Dover Air Force Base,Dover Air Force Base,LOC,0.0,0.0,de,1
Vietnam-Veteranen,Vietnam-Veteranen,LOC,0.0,0.0,de,1
Sonntag Fortschritte,Sonntag Fortschritte,LOC,0.7,0.0,de,1
Oman,Oman,LOC,0.7,0.0,de,1
Welthandel,Welthandel,LOC,0.7,0.0,de,1
Gang ,Gang ,LOC,0.7,0.0,de,1
Anleger,Anleger,LOC,-1.0,0.0,de,1
Facebook-Konzern Meta,Facebook-Konzern Meta,LOC,-1.0,0.0,de,1
Wall Street,Wall Street,LOC,-1.0,0.0,de,1
US-Handel,US-Handel,LOC,0.0,1.0,de,1
Santa Nirgen…,Santa Nirgen…,LOC,-0.7,0.0,de,1
Frankfurts,Frankfurts,LOC,0.0,0.0,de,1
Toronto,Toronto,LOC,0.0,0.0,de,1
Suno,Suno,LOC,0.0,0.0,de,1
Münchner Landgericht,Münchner Landgericht,LOC,0.0,0.0,de,1
KI,KI,LOC,0.0,0.0,de,1
Südens,Südens,LOC,0.0,0.0,de,1
Labour-Hand,Labour-Hand,LOC,0.0,0.0,de,1
Metropolregion Manchester,Metropolregion Manchester,LOC,0.0,0.0,de,1
Engalnd,Engalnd,LOC,1.0,0.0,de,1
Liedzeile,Liedzeile,LOC,0.0,0.0,de,1
Waldbränden,Waldbränden,LOC,0.0,0.0,de,1
Originalformat,Originalformat,LOC,0.0,1.0,de,1
US-Staat,US-Staat,LOC,0.0,0.0,de,1
Michigan,Michigan,LOC,0.0,0.0,de,1
Austin,Austin,LOC,0.0,0.0,de,1
Clive Alderton,Clive Alderton,LOC,0.0,0.0,de,1
US-Angriffspause,US-Angriffspause,LOC,0.0,0.0,de,1
Australien,Australien,LOC,0.0,0.0,de,1
RONZHEIMER,RONZHEIMER,LOC,0.0,0.0,de,1
Putins,Putins,LOC,0.0,0.0,de,1
Ukraine Russland,Ukraine Russland,LOC,0.0,0.0,de,1
weiterlesenNew York,weiterlesenNew York,LOC,0.0,0.0,de,1
Schladming,Schladming,LOC,0.0,0.0,de,1
Harry,Harry,LOC,0.0,0.0,de,1
t3n.de,t3n.de,LOC,0.0,0.0,de,1
Vertrauens-Test,Vertrauens-Test,LOC,0.0,0.0,de,1
Royals,Royals,LOC,0.0,0.0,de,1
Vertrauen,Vertrauen,LOC,0.0,0.0,de,1
Highgrove,Highgrove,LOC,0.0,0.0,de,1
Krisen-Gipfel,Krisen-Gipfel,LOC,-0.7,0.0,de,1
Präs…,Präs…,LOC,0.0,0.0,de,1
KI-Nacktbilder,KI-Nacktbilder,LOC,-0.7,0.0,de,1
Ölfirma,Ölfirma,LOC,0.0,0.0,de,1
